Open,High,Low,Close,Percent Change,Volume,SMA10,WMA10,RSI14
252.0,255.0,251.0,254.0,1.2,16686.0,252.1,252.5090909090909,51.12295478459425
255.0,255.0,246.0,248.0,-2.36,18710.0,252.0,251.76363636363635,40.857727697314914
245.0,248.0,242.0,245.0,-1.21,18061.0,252.0,250.4909090909091,36.87120175294114
249.0,252.0,249.0,251.0,2.45,10694.0,251.7,250.3090909090909,47.83402460443573
253.0,255.0,250.0,252.0,0.4,7967.0,251.1,250.36363636363637,49.41085733789464
254.0,254.0,249.0,249.0,-1.19,11610.0,250.4,249.98181818181817,45.01483495581847
248.0,251.0,247.0,249.0,0.0,8778.0,250.0,249.72727272727272,45.01483495581847
253.0,256.0,247.0,248.0,-0.4,19765.0,249.8,249.36363636363637,43.518064543961486
249.0,249.0,246.0,246.0,-0.81,15697.0,249.3,248.6727272727273,40.60973033339928
244.0,246.0,242.0,243.0,-0.82,79749.0,248.5,247.52727272727273,36.6528046428306
227.0,227.0,218.0,218.0,-5.8,9431.0,244.9,241.98181818181817,19.553977176400632
219.0,221.0,218.0,220.0,0.92,7427.0,242.1,237.45454545454547,22.662292590873083
222.0,225.0,220.0,225.0,2.27,7424.0,240.1,234.34545454545454,29.949428647131175
224.0,225.0,224.0,224.0,-0.44,2204.0,237.4,231.4181818181818,29.353707219439528
225.0,227.0,224.0,224.0,0.0,6143.0,234.6,228.98181818181817,29.353707219439528
224.0,225.0,222.0,223.0,-0.45,5703.0,232.0,226.87272727272727,28.69182275728755
222.0,223.0,217.0,221.0,-0.9,17747.0,229.2,224.87272727272727,27.3629108218744
224.0,225.0,222.0,223.0,0.9,14582.0,226.7,223.74545454545455,30.813884854119202
222.0,224.0,222.0,224.0,0.45,8967.0,224.5,223.25454545454545,32.53966876625111
224.0,225.0,223.0,224.0,0.0,8416.0,222.6,223.16363636363636,32.539668766251104
223.0,224.0,222.0,222.0,-0.89,6654.0,223.0,223.05454545454546,30.75994582190079
221.0,225.0,221.0,224.0,0.9,9736.0,223.4,223.23636363636365,34.61141054213259
224.0,226.0,222.0,226.0,0.89,7306.0,223.5,223.70909090909092,38.30704318064821
225.0,226.0,224.0,226.0,0.0,4014.0,223.7,224.16363636363636,38.30704318064821
227.0,230.0,222.0,230.0,1.77,318392.0,224.3,225.3090909090909,45.4573171663889
230.0,233.0,230.0,233.0,1.3,9345.0,225.3,226.8909090909091,50.126126555488234
232.0,232.0,226.0,227.0,-2.58,9169.0,225.9,227.2,42.3231195370989
225.0,229.0,225.0,228.0,0.44,4343.0,226.4,227.5818181818182,43.89082744298593
226.0,231.0,226.0,229.0,0.44,4258.0,226.9,228.05454545454546,45.48652984099784
229.0,229.0,225.0,225.0,-1.75,22084.0,227.0,227.70909090909092,40.522249952342634
225.0,226.0,224.0,225.0,0.0,9836.0,227.3,227.34545454545454,40.522249952342634
226.0,226.0,224.0,224.0,-0.44,50427.0,227.3,226.74545454545455,39.27931962355607
224.0,234.0,224.0,233.0,4.02,159553.0,228.0,227.78181818181818,53.19421537543266
231.0,234.0,224.0,228.0,-2.15,9322.0,228.2,227.78181818181818,46.78036126222623
227.0,227.0,224.0,225.0,-1.32,94439.0,227.7,227.2,43.399153462394516
225.0,225.0,223.0,224.0,-0.44,11285.0,226.8,226.52727272727273,42.301593029823856
223.0,225.0,222.0,224.0,0.0,9354.0,226.5,226.01818181818183,42.301593029823856
224.0,224.0,222.0,223.0,-0.45,13724.0,226.0,225.38181818181818,41.096228201515174
223.0,223.0,220.0,223.0,0.0,2035.0,225.4,224.83636363636364,41.09622820151517
222.0,226.0,221.0,221.0,-0.9,11682.0,225.0,224.03636363636363,38.548414467156164
220.0,222.0,218.0,218.0,-1.36,8524.0,224.3,222.76363636363635,35.03930338683348
215.0,218.0,215.0,216.0,-0.92,10992.0,223.5,221.25454545454545,32.88976692499807
215.0,219.0,214.0,215.0,-0.46,8274.0,221.7,219.70909090909092,31.838069602093032
216.0,216.0,214.0,214.0,-0.47,9199.0,220.3,218.3090909090909,30.778187173085968
214.0,216.0,213.0,215.0,0.47,8616.0,219.3,217.34545454545454,33.1739373102803
217.0,217.0,214.0,214.0,-0.47,7566.0,218.3,216.38181818181818,31.981906222354738
214.0,214.0,212.0,213.0,-0.47,5781.0,217.2,215.4181818181818,30.7904151563749
215.0,215.0,214.0,214.0,0.47,4511.0,216.3,214.83636363636364,33.460060261549955
214.0,215.0,214.0,215.0,0.47,5175.0,215.5,214.6,36.11392144183612
215.0,217.0,214.0,217.0,0.93,5133.0,215.1,214.87272727272727,41.16780819446997
216.0,219.0,216.0,217.0,0.0,8249.0,215.0,215.21818181818182,41.16780819446997
217.0,218.0,217.0,217.0,0.0,5078.0,215.1,215.5818181818182,41.16780819446997
216.0,223.0,216.0,220.0,1.38,12372.0,215.6,216.47272727272727,48.761622197046464
219.0,228.0,217.0,224.0,1.82,346840.0,216.6,218.0,56.773252591774124
224.0,225.0,219.0,220.0,-1.79,32098.0,217.1,218.61818181818182,48.59111010351364
222.0,223.0,221.0,223.0,1.36,10769.0,218.0,219.6909090909091,53.95137083586868
223.0,228.0,221.0,224.0,0.45,16821.0,219.1,220.78181818181818,55.61275220299607
225.0,225.0,221.0,222.0,-0.89,6697.0,219.9,221.3090909090909,51.60278817947276
220.0,221.0,219.0,220.0,-0.9,5658.0,220.4,221.3272727272727,47.88447868952293
220.0,221.0,218.0,218.0,-0.91,3062.0,220.5,220.8909090909091,44.436261854539815
218.0,218.0,216.0,217.0,-0.46,5684.0,220.5,220.25454545454545,42.77755201871721
219.0,219.0,217.0,218.0,0.46,2890.0,220.6,219.8,44.988952994048034
217.0,220.0,216.0,219.0,0.46,7851.0,220.5,219.5090909090909,47.18694951287879
219.0,221.0,218.0,218.0,-0.46,25275.0,219.9,219.05454545454546,45.24030221927281
219.0,220.0,217.0,218.0,0.0,158618.0,219.7,218.70909090909092,45.24030221927281
218.0,218.0,216.0,218.0,0.0,43034.0,219.2,218.4,45.24030221927281
218.0,219.0,216.0,216.0,-0.92,3693.0,218.4,217.8181818181818,41.0138148085073
216.0,217.0,214.0,215.0,-0.46,20996.0,217.7,217.2,39.04944334172096
216.0,219.0,214.0,216.0,0.47,22126.0,217.3,216.8909090909091,42.03904723429341
216.0,220.0,216.0,217.0,0.46,5987.0,217.2,216.83636363636364,44.94709094321562
219.0,219.0,217.0,217.0,0.0,9426.0,217.2,216.8,44.94709094321562
217.0,224.0,217.0,220.0,1.38,50620.0,217.4,217.3090909090909,53.12908993302794
222.0,226.0,220.0,220.0,0.0,135864.0,217.5,217.78181818181818,53.12908993302795
220.0,231.0,220.0,230.0,4.55,878390.0,218.7,220.05454545454546,70.23217272679508
231.0,232.0,223.0,225.0,-2.17,104223.0,219.4,221.2,58.69883118050375
223.0,227.0,222.0,225.0,0.0,27174.0,220.1,222.21818181818182,58.698831180503745
229.0,230.0,225.0,230.0,2.22,88900.0,221.5,224.01818181818183,65.30635000115252
230.0,236.0,230.0,233.0,1.3,121792.0,223.3,226.1090909090909,68.55676777061605
235.0,235.0,229.0,229.0,-1.72,53476.0,224.6,227.14545454545456,60.427569152058346
233.0,238.0,229.0,236.0,3.06,60535.0,226.5,229.21818181818182,67.6555895904552
240.0,248.0,237.0,245.0,3.81,106396.0,229.3,232.5818181818182,74.18444753713256
247.0,250.0,238.0,246.0,0.41,84862.0,231.9,235.61818181818182,74.79327820773945
246.0,248.0,237.0,239.0,-2.85,64413.0,233.8,236.9090909090909,63.503277641524605
243.0,243.0,235.0,237.0,-0.84,47498.0,234.5,237.4909090909091,60.6847171135439
237.0,241.0,236.0,236.0,-0.42,19067.0,235.6,237.76363636363635,59.26824515762288
235.0,235.0,231.0,232.0,-1.69,42623.0,236.3,237.1090909090909,53.85339536906931
231.0,234.0,229.0,229.0,-1.29,21871.0,236.2,235.78181818181818,50.15253117843419
230.0,234.0,230.0,234.0,2.18,15617.0,236.3,235.38181818181818,55.62588131976673
235.0,235.0,233.0,233.0,-0.43,28362.0,236.7,234.78181818181818,54.34074155696858
229.0,235.0,229.0,230.0,-1.29,22599.0,236.1,233.56363636363636,50.566398130181774
230.0,240.0,229.0,235.0,2.17,39437.0,235.1,233.36363636363637,56.04598524686099
239.0,241.0,238.0,240.0,2.13,52734.0,234.5,234.25454545454545,60.73340173140935
243.0,244.0,239.0,240.0,0.0,81549.0,234.6,235.25454545454545,60.733401731409366
240.0,240.0,237.0,237.0,-1.25,34598.0,234.6,235.6909090909091,56.537797663883104
236.0,237.0,234.0,236.0,-0.42,12896.0,234.6,235.94545454545454,55.16965745466939
235.0,236.0,233.0,233.0,-1.27,16068.0,234.7,235.65454545454546,51.16922880174588
232.0,234.0,229.0,230.0,-1.29,10413.0,234.8,234.8,47.462890098098285
230.0,233.0,228.0,232.0,0.87,23927.0,234.6,234.29090909090908,50.05993103437768
235.0,237.0,233.0,235.0,1.29,60336.0,234.8,234.36363636363637,53.75287957510099
234.0,238.0,232.0,234.0,-0.43,22341.0,235.2,234.21818181818182,52.362891210109716
235.0,235.0,231.0,231.0,-1.28,23651.0,234.8,233.45454545454547,48.32557814779807
231.0,235.0,230.0,235.0,1.73,30616.0,234.3,233.4909090909091,53.47628267563418
238.0,241.0,234.0,241.0,2.55,55401.0,234.4,234.70909090909092,59.9284176691508
245.0,253.0,238.0,241.0,0.0,87766.0,234.8,235.9090909090909,59.9284176691508
240.0,245.0,239.0,239.0,-0.83,39728.0,235.1,236.6727272727273,56.87891876866329
240.0,244.0,237.0,240.0,0.42,50511.0,235.8,237.56363636363636,58.02892566297495
244.0,264.0,243.0,261.0,8.75,116444.0,238.9,242.14545454545456,73.81938184083752
261.0,268.0,253.0,254.0,-2.68,187340.0,241.1,244.8909090909091,65.03599860218708
250.0,261.0,250.0,259.0,1.97,57874.0,243.5,248.14545454545456,67.96780182962337
264.0,272.0,259.0,272.0,5.02,117190.0,247.3,253.3272727272727,74.05849690190996
270.0,290.0,260.0,283.0,4.04,134695.0,252.5,259.8181818181818,77.88950143911268
283.0,295.0,274.0,275.0,-2.83,172530.0,256.5,263.90909090909093,69.81445768778497
280.0,280.0,250.0,250.0,-9.09,111693.0,257.4,262.72727272727275,51.75659451516527
250.0,266.0,242.0,258.0,3.2,157937.0,259.1,262.8363636363636,55.70490492647328
255.0,259.0,248.0,249.0,-3.49,101002.0,260.1,261.0,50.679796885762116
255.0,255.0,245.0,245.0,-1.61,74262.0,260.6,258.25454545454545,48.58215703560872
242.0,242.0,227.0,227.0,-7.35,52179.0,257.2,252.14545454545456,40.465484869538585
228.0,243.0,227.0,243.0,7.05,62821.0,256.1,249.56363636363636,48.67410085093641
240.0,242.0,230.0,235.0,-3.29,96350.0,253.7,245.72727272727272,45.31013800465837
231.0,239.0,220.0,222.0,-5.53,88228.0,248.7,239.96363636363637,40.4213408558167
220.0,228.0,220.0,224.0,0.9,72127.0,242.8,235.47272727272727,41.46768289863727
220.0,224.0,217.0,218.0,-2.68,53751.0,237.1,230.96363636363637,39.241142727987246
215.0,227.0,213.0,217.0,-0.46,44558.0,233.8,227.3090909090909,38.86657490276347
213.0,222.0,210.0,219.0,0.92,72833.0,229.9,224.61818181818182,40.09810231644654
223.0,223.0,215.0,215.0,-1.83,6232.0,226.5,221.9090909090909,38.43063402681722
211.0,211.0,199.0,209.0,-2.79,13562.0,222.9,218.72727272727272,36.011547039790706
212.0,220.0,212.0,220.0,5.26,4574.0,222.2,218.2,43.08493226547442
224.0,232.0,224.0,230.0,4.55,2693.0,220.9,219.61818181818182,48.642925056709984
234.0,234.0,212.0,212.0,-7.83,5419.0,218.6,218.0,40.90050723232587
209.0,216.0,209.0,212.0,0.0,19467.0,217.6,216.8,40.90050723232587
212.0,221.0,210.0,221.0,4.25,39664.0,217.3,217.4181818181818,45.89439260900251
225.0,228.0,218.0,224.0,1.36,34825.0,217.9,218.63636363636363,47.48727175762413
222.0,225.0,216.0,217.0,-3.13,15109.0,217.9,218.47272727272727,44.21624654059218
214.0,220.0,213.0,220.0,1.38,22040.0,218.0,218.85454545454544,45.935065947879856
220.0,221.0,215.0,215.0,-2.27,17950.0,218.0,218.3090909090909,43.52780738626468
217.0,219.0,214.0,217.0,0.93,8823.0,218.8,218.12727272727273,44.7745093779464
216.0,220.0,215.0,217.0,0.0,15401.0,218.5,217.8,44.774509377946394
220.0,222.0,217.0,220.0,1.38,23399.0,217.5,218.07272727272726,46.81700629336203
219.0,231.0,219.0,230.0,4.55,53236.0,219.3,220.34545454545454,53.050306155433134
241.0,245.0,241.0,245.0,6.52,40.0,222.6,225.01818181818183,60.524275195598136
257.0,269.0,243.0,249.0,1.63,114390.0,225.4,229.8181818181818,62.25006596818005
250.0,252.0,244.0,248.0,-0.4,83098.0,227.8,233.92727272727274,61.52589573866925
250.0,250.0,236.0,239.0,-3.63,41662.0,230.0,235.96363636363637,55.29160256475299
239.0,241.0,234.0,241.0,0.84,22804.0,232.1,237.96363636363637,56.35008783804117
242.0,245.0,238.0,245.0,1.66,32942.0,235.1,240.3090909090909,58.467931779384315
246.0,249.0,239.0,240.0,-2.04,41325.0,237.4,241.2,54.883292693578014
238.0,241.0,237.0,239.0,-0.42,20244.0,239.6,241.4909090909091,54.16799773195826
238.0,239.0,233.0,234.0,-2.09,37958.0,241.0,240.47272727272727,50.615886610159386
234.0,238.0,229.0,234.0,0.0,42226.0,241.4,239.2,50.61588661015939
232.0,232.0,226.0,227.0,-2.99,54673.0,239.6,236.5818181818182,45.74523540568308
225.0,234.0,219.0,228.0,0.44,49139.0,237.5,234.47272727272727,46.53671992515031
224.0,227.0,223.0,226.0,-0.88,20261.0,235.3,232.38181818181818,45.119037210219105
228.0,228.0,223.0,228.0,0.88,23535.0,234.2,231.05454545454546,46.86233051185166
226.0,229.0,222.0,228.0,0.0,14383.0,232.9,229.92727272727274,46.86233051185167
232.0,240.0,228.0,235.0,3.07,31598.0,231.9,230.3090909090909,52.931342090890105
236.0,237.0,230.0,233.0,-0.85,15269.0,231.2,230.5090909090909,51.13435529242875
234.0,234.0,230.0,233.0,0.0,8085.0,230.6,230.83636363636364,51.13435529242876
229.0,230.0,226.0,227.0,-2.58,21299.0,229.9,230.1818181818182,45.73244883514854
223.0,226.0,220.0,222.0,-2.2,29163.0,228.7,228.74545454545455,41.77217846217071
226.0,227.0,223.0,227.0,2.25,27118.0,228.7,228.43636363636364,46.73916553277879
229.0,229.0,223.0,224.0,-1.32,25911.0,228.3,227.5818181818182,44.297545476893454
220.0,227.0,220.0,224.0,0.0,14709.0,228.1,226.8,44.297545476893454
220.0,226.0,220.0,223.0,-0.45,24900.0,227.6,225.87272727272727,43.42066240555873
226.0,226.0,221.0,221.0,-0.9,26730.0,226.9,224.6727272727273,41.64508168594766
225.0,228.0,224.0,227.0,2.71,27039.0,226.1,224.6909090909091,48.454924591096756
227.0,230.0,225.0,227.0,0.0,18636.0,225.5,224.85454545454544,48.45492459109676
227.0,234.0,226.0,230.0,1.32,60556.0,225.2,225.6727272727273,51.72192327542648
234.0,234.0,229.0,230.0,0.0,69577.0,225.5,226.54545454545453,51.72192327542647
230.0,234.0,227.0,231.0,0.43,16012.0,226.4,227.54545454545453,52.87656392370388
230.0,231.0,226.0,228.0,-1.3,48894.0,226.5,227.83636363636364,49.083920088179255
231.0,234.0,229.0,232.0,1.75,38449.0,227.3,228.83636363636364,53.83820240330804
234.0,235.0,230.0,231.0,-0.43,57782.0,228.0,229.5090909090909,52.51793369480606
241.0,241.0,226.0,229.0,-0.87,67027.0,228.6,229.6909090909091,49.88317672854461
227.0,229.0,224.0,224.0,-2.18,49606.0,228.9,228.85454545454544,43.947240418108194
222.0,225.0,221.0,224.0,0.0,43667.0,228.6,227.96363636363637,43.94724041810819
225.0,228.0,222.0,223.0,-0.45,16558.0,228.2,226.94545454545454,42.76680746879233
227.0,230.0,221.0,223.0,0.0,35430.0,227.5,226.0,42.76680746879232
224.0,224.0,221.0,223.0,0.0,115289.0,226.8,225.1818181818182,42.76680746879232
226.0,231.0,225.0,230.0,3.14,103476.0,226.7,225.76363636363635,53.65112090228893
232.0,234.0,228.0,228.0,-0.87,67016.0,226.7,226.0,50.68525608840021
228.0,228.0,226.0,227.0,-0.44,32603.0,226.2,226.05454545454546,49.220146398554334
238.0,238.0,227.0,234.0,3.08,94720.0,226.5,227.47272727272727,58.30564006812808
238.0,255.0,237.0,239.0,2.14,169428.0,227.5,229.74545454545455,63.34981260119621
243.0,243.0,235.0,238.0,-0.42,100181.0,228.9,231.65454545454546,61.74101624331233
238.0,239.0,232.0,234.0,-1.68,80788.0,229.9,232.5818181818182,55.652833302152416
234.0,236.0,232.0,234.0,0.0,20742.0,231.0,233.3272727272727,55.652833302152416
234.0,235.0,232.0,234.0,0.0,31367.0,232.1,233.87272727272727,55.65283330215241
237.0,242.0,233.0,238.0,1.71,105213.0,233.6,234.94545454545454,60.51570048514433
242.0,242.0,235.0,237.0,-0.42,48442.0,234.3,235.56363636363636,58.78036479546767
238.0,239.0,233.0,234.0,-1.27,42022.0,234.9,235.5090909090909,53.79640398870781
235.0,236.0,233.0,233.0,-0.43,36315.0,235.5,235.16363636363636,52.20735437943954
240.0,241.0,236.0,239.0,2.58,103835.0,236.0,235.8,59.86719388822584
242.0,250.0,242.0,250.0,4.6,186480.0,237.1,238.34545454545454,69.51402719561764
250.0,253.0,244.0,247.0,-1.2,102036.0,238.0,240.14545454545456,64.93003236181247
250.0,250.0,244.0,246.0,-0.4,75988.0,239.2,241.6,63.428551191384464
258.0,258.0,244.0,248.0,0.81,258346.0,240.6,243.2,65.16364004287476
236.0,236.0,231.0,232.0,0.13,102338.0,240.4,241.63636363636363,46.25646440380471
243.0,243.0,226.0,227.0,-2.16,35775.0,239.3,239.2,42.14150056190567
226.0,230.0,225.0,229.0,0.88,25669.0,238.5,237.3272727272727,44.27687352250379
240.0,240.0,226.0,227.0,-0.87,21075.0,237.8,235.23636363636365,42.58432538934888
225.0,226.0,223.0,224.0,-1.32,25561.0,236.9,232.72727272727272,40.10765992865902
227.0,227.0,222.0,224.0,0.0,31407.0,235.4,230.38181818181818,40.10765992865902
224.0,224.0,220.0,222.0,-0.89,15815.0,232.6,227.94545454545454,38.381741143402145
220.0,225.0,220.0,224.0,0.9,34165.0,230.3,226.38181818181818,41.11080280867594
225.0,226.0,224.0,226.0,0.89,17424.0,228.3,225.6,43.79175244345248
226.0,228.0,225.0,228.0,0.88,24986.0,226.3,225.54545454545453,46.41869739585235
230.0,231.0,227.0,229.0,0.44,81367.0,226.0,226.03636363636363,47.733997633361255
230.0,237.0,230.0,237.0,3.49,118471.0,227.0,228.03636363636363,56.85802057879405
240.0,242.0,235.0,236.0,-0.42,153256.0,227.7,229.6727272727273,55.552553842477906
236.0,236.0,232.0,233.0,-1.27,47122.0,228.3,230.63636363636363,51.71629899898418
222.0,233.0,222.0,231.0,-0.86,42643.0,229.0,231.12727272727273,49.27337928964717
231.0,232.0,230.0,232.0,0.43,31090.0,229.8,231.6727272727273,50.53162112730201
231.0,231.0,229.0,229.0,-1.29,32633.0,230.5,231.52727272727273,46.78259524481313
232.0,232.0,227.0,229.0,0.0,22867.0,231.0,231.25454545454545,46.78259524481313
229.0,230.0,228.0,228.0,-0.44,36961.0,231.2,230.70909090909092,45.47820765025803
228.0,229.0,226.0,227.0,-0.44,61834.0,231.1,229.94545454545454,44.15245682176355
229.0,229.0,227.0,229.0,0.88,72344.0,231.1,229.56363636363636,47.45182572980032
229.0,233.0,228.0,233.0,1.75,72369.0,230.7,229.9090909090909,53.38354668329535
240.0,240.0,232.0,236.0,0.875,65421.0,230.7,230.87272727272727,57.27860901650211
235.0,236.0,230.0,235.0,0.0,47736.0,230.9,231.65454545454546,55.61060820588578
236.0,238.0,233.0,235.0,0.0,98769.0,231.3,232.4,55.610608205885804
239.0,242.0,233.0,237.0,0.01,98878.0,231.8,233.43636363636364,58.4192446774651
240.0,240.0,233.0,235.0,-0.01,65540.0,232.4,234.01818181818183,54.69250678434385
235.0,237.0,233.0,233.0,-0.01,47019.0,232.8,234.12727272727273,51.1766630841164
234.0,239.0,233.0,238.0,0.02,77438.0,233.8,235.07272727272726,58.37992605695489
242.0,248.0,239.0,242.0,0.01,180104.0,235.3,236.56363636363636,63.07360512508198
245.0,266.0,245.0,266.0,0.1,429841.0,239.0,242.14545454545456,78.63916409911944
275.0,279.0,255.0,258.0,-0.03,249506.0,241.5,245.6,68.30358656904264
270.0,270.0,250.0,251.0,-0.03,94780.0,243.0,247.3272727272727,60.776540522027524
263.0,263.0,246.0,256.0,0.02,106903.0,245.1,249.6909090909091,63.84165211468546
260.0,261.0,248.0,248.0,-0.03,77763.0,246.4,250.21818181818182,56.2655221714778
244.0,249.0,240.0,241.0,-0.03,93567.0,246.8,249.23636363636365,50.60648897588279
253.0,253.0,236.0,243.0,0.01,63831.0,247.6,248.54545454545453,52.08917825252574
255.0,255.0,239.0,242.0,-0.0,98927.0,248.5,247.52727272727273,51.26062799121994
245.0,245.0,238.0,239.0,-0.01,76839.0,248.6,245.8,48.75511051813932
237.0,242.0,236.0,237.0,-0.01,48765.0,248.1,243.6909090909091,47.10220446155304
235.0,246.0,235.0,246.0,0.04,76154.0,246.1,243.3090909090909,54.56668586685897
249.0,252.0,244.0,251.0,0.02,112216.0,245.4,244.2,58.10379854057924
263.0,263.0,249.0,251.0,0.0,90224.0,245.4,245.21818181818182,58.10379854057924
250.0,258.0,246.0,253.0,0.01,86548.0,245.1,246.6,59.564192264019916
251.0,255.0,246.0,247.0,-0.02,150541.0,245.0,246.94545454545454,53.53525053857406
243.0,245.0,237.0,237.0,-0.04,69688.0,244.6,245.4909090909091,45.30464169854814
230.0,244.0,228.0,240.0,0.02,91343.0,244.3,244.65454545454546,47.892828170989894
244.0,255.0,240.0,245.0,0.02,94782.0,244.6,244.78181818181818,51.97200888704408
245.0,254.0,241.0,243.0,-0.01,74024.0,245.0,244.4909090909091,50.27655632949516
239.0,252.0,239.0,243.0,0.0,155619.0,245.6,244.12727272727273,50.27655632949515
245.0,245.0,238.0,242.0,-0.0,103091.0,245.2,243.47272727272727,49.34312545093063
238.0,241.0,238.0,241.0,-0.0,49560.0,244.2,242.70909090909092,48.37589417927213
238.0,244.0,238.0,242.0,0.0,48060.0,243.3,242.3090909090909,49.44314959752226
240.0,242.0,239.0,241.0,-0.0,28815.0,242.1,241.8909090909091,48.36632831869586
242.0,249.0,240.0,243.0,0.01,120233.0,241.7,242.05454545454546,50.67986523860858
247.0,262.0,247.0,260.0,0.07,218674.0,244.0,245.38181818181818,65.02500293559247
264.0,267.0,250.0,255.0,-0.02,178022.0,245.5,247.38181818181818,59.53978953632456
255.0,260.0,251.0,256.0,0.0,68348.0,246.6,249.29090909090908,60.26178779705798
254.0,269.0,253.0,269.0,0.05,314792.0,249.2,253.36363636363637,68.2049811800961
274.0,278.0,267.0,277.0,0.03,250397.0,252.6,258.41818181818184,71.92418894894804
280.0,288.0,276.0,288.0,0.04,331999.0,257.2,264.8545454545455,76.06928346697751
295.0,295.0,275.0,280.0,-0.03,203329.0,261.1,269.0,68.18482544581018
280.0,284.0,275.0,283.0,0.01,216042.0,265.2,272.9818181818182,69.46304144868168
283.0,288.0,283.0,284.0,0.0,124821.0,269.5,276.4,69.89719202025202
290.0,290.0,279.0,282.0,-0.01,172653.0,273.4,278.6727272727273,67.82041569664277
281.0,285.0,280.0,283.0,0.0,126352.0,275.7,280.41818181818184,68.3271402633368
284.0,294.0,278.0,293.0,0.04,268228.0,279.5,283.56363636363636,72.91947280288869
293.0,315.0,289.0,303.0,0.03,335020.0,284.2,287.8363636363636,76.57689575320278
303.0,303.0,295.0,299.0,-0.01,164537.0,287.2,290.5272727272727,72.36670709490414
302.0,306.0,295.0,297.0,-0.01,141395.0,289.2,292.3090909090909,70.28592383553256
298.0,299.0,291.0,295.0,-0.01,115767.0,289.9,293.3636363636364,68.1748807172351
296.0,301.0,290.0,291.0,-0.01,98025.0,291.0,293.56363636363636,64.03255489719963
291.0,293.0,283.0,288.0,-0.01,140394.0,291.5,293.0181818181818,61.03712023438368
284.0,286.0,276.0,276.0,-0.04,189483.0,290.7,290.2,50.80020396121284
276.0,285.0,270.0,271.0,-0.02,190553.0,289.6,286.6181818181818,47.24469629582106
276.0,284.0,274.0,278.0,0.03,110427.0,289.1,284.5090909090909,52.280248007858546
281.0,288.0,279.0,283.0,0.02,164384.0,288.1,283.4,55.544355772753214
288.0,291.0,284.0,284.0,0.0,141637.0,286.2,282.6545454545454,56.18979634528063
282.0,289.0,282.0,287.0,0.01,126908.0,285.0,282.8,58.15271619175035
290.0,290.0,283.0,286.0,-0.0,77913.0,283.9,282.9818181818182,57.23220056101957
289.0,310.0,286.0,310.0,0.08,334741.0,285.4,287.72727272727275,69.64941445496402
315.0,319.0,299.0,302.0,-0.03,167073.0,286.5,290.74545454545455,63.07539938732814
302.0,313.0,297.0,307.0,0.02,167707.0,288.4,294.4727272727273,65.28108719879836
312.0,317.0,306.0,307.0,0.0,218921.0,291.5,297.8545454545455,65.28108719879835
310.0,310.0,300.0,301.0,-0.02,92024.0,294.5,299.58181818181816,60.2705530521446
307.0,312.0,303.0,312.0,0.04,243578.0,297.9,302.76363636363635,65.49880913537434
315.0,324.0,310.0,315.0,0.01,267295.0,301.1,305.8727272727273,66.78268236748431
316.0,323.0,313.0,322.0,0.02,307769.0,304.9,309.6727272727273,69.62316446850454
338.0,338.0,314.0,336.0,0.04,471387.0,309.8,315.3272727272727,74.34778605622813
352.0,352.0,330.0,331.0,-0.01,168287.0,314.3,319.1818181818182,70.15129004995832
340.0,340.0,312.0,316.0,-4.53,242268.0,314.9,319.4909090909091,59.331685293030446
320.0,320.0,305.0,314.0,-0.63,208122.0,316.1,319.3272727272727,58.04618310060676
320.0,327.0,311.0,319.0,1.59,148467.0,317.3,319.8545454545455,60.35856819660001
321.0,321.0,309.0,311.0,0.0,135005.0,317.7,318.7090909090909,55.12341423784548
311.0,311.0,300.0,304.0,-2.25,197426.0,318.0,316.2181818181818,50.958554626356616
301.0,321.0,298.0,308.0,0.0,100710.0,317.6,314.4,53.13745207338751
305.0,310.0,295.0,298.0,-3.25,98396.0,315.9,310.8363636363636,47.46032134353211
300.0,314.0,291.0,301.0,1.01,124851.0,313.8,308.1272727272727,49.21332915705575
301.0,308.0,301.0,307.0,1.99,95977.0,310.9,306.8909090909091,52.61836114998534
307.0,309.0,300.0,302.0,-1.63,88289.0,308.0,305.27272727272725,49.63203672317901
300.0,304.0,296.0,298.0,-1.32,56919.0,306.2,303.45454545454544,47.31835316230065
298.0,302.0,297.0,298.0,0.0,45586.0,304.6,301.96363636363634,47.31835316230065
295.0,299.0,288.0,291.0,-2.35,95937.0,301.8,299.4909090909091,43.22839909072049
287.0,290.0,281.0,287.0,-1.37,81646.0,299.4,296.8,41.04517862172334
287.0,290.0,285.0,288.0,0.35,77944.0,297.8,294.72727272727275,41.83605209842988
286.0,295.0,286.0,295.0,2.43,50674.0,296.5,294.2181818181818,47.17783913673166
309.0,315.0,295.0,303.0,2.71,76514.0,297.0,295.4,52.54218823598788
305.0,309.0,300.0,307.0,1.32,56449.0,297.6,297.2181818181818,55.00278899472295
307.0,308.0,299.0,300.0,-2.28,49436.0,296.9,297.6545454545454,50.106672534938944
300.0,301.0,296.0,300.0,0.0,34491.0,296.7,298.2181818181818,50.106672534938944
300.0,308.0,299.0,307.0,2.33,99994.0,297.6,300.09090909090907,54.77552283723624
307.0,308.0,300.0,302.0,-1.63,72577.0,298.0,300.8909090909091,51.09742605905708
298.0,301.0,297.0,300.0,-0.66,41009.0,298.9,301.25454545454545,49.660956666239954
298.0,302.0,298.0,302.0,0.67,37153.0,300.4,301.8181818181818,51.140180496186225
302.0,307.0,301.0,305.0,0.99,72242.0,302.1,302.6545454545454,53.35437513321984
303.0,311.0,303.0,308.0,0.98,100504.0,303.4,303.72727272727275,55.5249037509121
312.0,317.0,309.0,313.0,1.62,73611.0,304.4,305.4727272727273,58.95311982949743
313.0,313.0,308.0,310.0,-0.96,46535.0,304.7,306.4909090909091,56.15616982554669
310.0,311.0,305.0,311.0,0.32,73720.0,305.8,307.6363636363636,56.89037191312322
309.0,314.0,308.0,310.0,-0.32,76036.0,306.8,308.4,55.88258594717456
311.0,311.0,308.0,311.0,0.32,83430.0,307.2,309.1636363636364,56.708466400755505
311.0,315.0,308.0,314.0,0.96,90281.0,308.4,310.4,59.17742320684701
320.0,323.0,314.0,322.0,2.55,138560.0,310.6,312.8727272727273,64.92246285249867
322.0,330.0,322.0,325.0,0.93,158173.0,312.9,315.4909090909091,66.80885015486389
325.0,328.0,320.0,320.0,-1.54,102248.0,314.4,316.7818181818182,60.92785164821684
320.0,322.0,312.0,313.0,-2.19,80388.0,314.9,316.5272727272727,53.789073947793895
313.0,316.0,310.0,313.0,0.0,68935.0,314.9,316.1818181818182,53.78907394779391
298.0,317.0,298.0,310.0,-0.96,68343.0,314.9,315.2909090909091,50.828938298236324
295.0,312.0,295.0,311.0,0.32,74688.0,314.9,314.58181818181816,51.78150334264109
310.0,312.0,299.0,299.0,-3.86,117305.0,313.8,311.6909090909091,41.41354216770982
300.0,305.0,292.0,296.0,-1.0,85543.0,312.3,308.45454545454544,39.295261130157215
300.0,309.0,296.0,307.0,3.72,74793.0,311.6,307.4909090909091,49.49583312915
307.0,310.0,300.0,302.0,-1.63,40773.0,309.6,305.74545454545455,45.733971239034446
300.0,307.0,298.0,305.0,0.99,35053.0,307.6,304.90909090909093,48.27422525331242
320.0,320.0,302.0,307.0,0.66,51049.0,306.3,304.8,49.956100104482644
292.0,314.0,292.0,305.0,-0.65,94379.0,305.5,304.56363636363636,48.265999113507156
305.0,308.0,301.0,304.0,-0.33,47086.0,304.6,304.2909090909091,47.40246452293459
302.0,305.0,302.0,303.0,-0.33,69333.0,303.9,304.0,46.506406961082654
303.0,313.0,300.0,306.0,0.99,84268.0,303.4,304.3818181818182,49.58532345777679
310.0,318.0,300.0,311.0,1.63,209074.0,304.6,305.76363636363635,54.3058473721291
313.0,314.0,309.0,309.0,-0.64,33258.0,305.9,306.56363636363636,52.20036583076475
315.0,315.0,309.0,310.0,0.32,42457.0,306.2,307.3090909090909,53.17785253709775
313.0,313.0,307.0,308.0,-0.65,37537.0,306.8,307.6363636363636,50.93442337993383
307.0,312.0,307.0,310.0,0.65,56793.0,307.3,308.2181818181818,53.06671782094439
314.0,317.0,311.0,317.0,2.26,119160.0,308.3,309.9818181818182,59.67250060360607
320.0,323.0,316.0,318.0,0.32,117270.0,309.6,311.74545454545455,60.52722801326462
318.0,323.0,317.0,323.0,1.57,131411.0,311.5,314.1818181818182,64.57060940360189
327.0,335.0,322.0,323.0,0.0,332161.0,313.5,316.27272727272725,64.57060940360189
328.0,334.0,326.0,333.0,3.1,279842.0,316.2,319.8181818181818,71.37250285262151
334.0,351.0,326.0,350.0,5.11,450713.0,320.1,325.96363636363634,78.81765762279352
350.0,360.0,344.0,347.0,-0.86,426622.0,323.9,330.8545454545455,75.10555945764422
364.0,364.0,339.0,342.0,-1.44,202333.0,327.1,334.1454545454545,69.25148238658669
342.0,349.0,330.0,342.0,0.0,220817.0,330.5,336.8545454545455,69.25148238658669
342.0,357.0,339.0,354.0,3.51,368516.0,334.9,341.1272727272727,74.73320562161148
358.0,363.0,348.0,349.0,-1.41,304061.0,338.1,343.6909090909091,69.19769142463308
350.0,353.0,342.0,347.0,-0.57,93619.0,341.0,345.3090909090909,67.05805498878125
347.0,351.0,343.0,348.0,0.29,123605.0,343.5,346.58181818181816,67.59754203690005
345.0,374.0,345.0,370.0,6.32,689017.0,348.2,351.4,76.6554011971321
380.0,400.0,376.0,392.0,5.95,573046.0,354.1,359.3636363636364,82.05704802716676
399.0,399.0,380.0,390.0,-0.51,474684.0,358.1,365.8909090909091,80.23936049591796
390.0,404.0,386.0,394.0,1.03,358544.0,362.8,372.41818181818184,81.13922585227955
405.0,405.0,385.0,388.0,-0.02,182534.0,367.4,377.0,75.57946283446807
383.0,391.0,382.0,385.0,-0.77,189205.0,371.7,380.2,72.89010444635862
392.0,394.0,379.0,392.0,1.82,295127.0,375.5,383.8909090909091,75.11516161168527
395.0,413.0,395.0,411.0,4.85,423497.0,381.7,390.3454545454546,79.9301719574685
391.0,424.0,391.0,406.0,-1.22,443314.0,387.6,394.76363636363635,75.77499609550334
406.0,420.0,396.0,403.0,-0.74,314455.0,393.1,397.56363636363636,73.3124063287337
406.0,406.0,396.0,404.0,0.25,169330.0,396.5,399.54545454545456,73.62015894309089
401.0,403.0,387.0,391.0,-3.22,302686.0,396.4,398.54545454545456,63.38677991830382
410.0,410.0,377.0,380.0,-2.81,299383.0,395.4,395.56363636363636,56.260543174382654
375.0,394.0,375.0,391.0,2.89,198748.0,395.1,394.76363636363635,60.984281666080335
391.0,392.0,378.0,380.0,-2.81,122241.0,394.3,392.0181818181818,54.630499568060266
380.0,388.0,373.0,380.0,0.0,111123.0,393.8,389.41818181818184,54.630499568060266
380.0,396.0,371.0,390.0,2.63,250934.0,393.6,388.72727272727275,59.1209683849572
397.0,397.0,388.0,389.0,-0.26,136529.0,391.4,387.8909090909091,58.49744993982976
394.0,394.0,379.0,381.0,-2.06,129364.0,388.9,386.0,53.62497576786184
375.0,381.0,373.0,381.0,0.0,128160.0,386.7,384.56363636363636,53.624975767861834
380.0,386.0,379.0,380.0,-0.26,88156.0,384.3,383.3454545454546,52.985172660678074
381.0,384.0,375.0,376.0,-1.05,126417.0,382.8,381.8363636363636,50.395098444531136
376.0,377.0,373.0,373.0,-0.8,63490.0,382.1,380.05454545454546,48.48095293411289
374.0,375.0,370.0,371.0,-0.54,116202.0,380.1,378.03636363636366,47.19398788630625
375.0,378.0,371.0,373.0,0.54,116451.0,379.4,376.74545454545455,48.6616372224913
373.0,380.0,372.0,380.0,1.88,158235.0,379.4,376.8545454545455,53.529811256868065
387.0,393.0,381.0,392.0,3.16,162025.0,379.6,379.1454545454545,60.452991082216506
395.0,396.0,381.0,384.0,-2.04,196627.0,379.1,379.94545454545454,54.611682411389715
400.0,400.0,381.0,385.0,0.26,103387.0,379.5,381.0181818181818,55.194481105729544
388.0,388.0,381.0,385.0,0.0,48685.0,379.9,382.0181818181818,55.194481105729544
404.0,404.0,382.0,385.0,0.0,102360.0,380.4,382.94545454545454,55.194481105729544
391.0,415.0,391.0,413.0,7.27,454517.0,384.1,388.8727272727273,69.07920433954997
421.0,425.0,409.0,415.0,0.48,372529.0,388.3,394.4909090909091,69.79912055130173
415.0,416.0,408.0,413.0,-0.48,160841.0,392.5,398.9818181818182,68.09181640269028
416.0,430.0,411.0,424.0,2.66,381368.0,397.6,404.7090909090909,72.12966886642491
430.0,442.5,428.0,442.5,4.36,411893.0,403.85,412.8727272727273,77.32642261861618
450.0,450.0,425.0,427.0,-3.5,577249.0,407.35,417.08181818181816,66.19040957008775
418.5,430.0,411.0,428.0,0.23,335622.0,411.75,420.8363636363636,66.52535249624067
436.0,436.0,421.0,424.2,-0.89,153312.0,415.66999999999996,423.1,63.933400323754284
424.0,425.0,419.0,421.8,-0.57,123291.0,419.35,424.21454545454543,62.282880231041176
428.9,428.9,416.0,417.0,-1.14,123227.0,422.55,423.7872727272727,59.00211415943957
417.0,424.0,413.0,418.0,0.24,113592.0,423.05,422.96,59.48097465774737
426.0,426.0,415.1,417.0,-0.24,110878.0,423.25,421.86000000000007,58.742081632345744
418.0,420.0,415.1,419.0,0.48,108687.0,423.85,421.0872727272727,59.81720502500923
420.0,425.0,418.5,422.0,0.72,120641.0,423.65,420.7509090909091,61.440359730877944
426.9,427.0,418.1,418.9,-0.73,146770.0,421.28999999999996,419.8872727272727,58.797327362365635
420.0,421.7,415.7,416.0,-0.69,99199.0,420.18999999999994,418.9254545454545,56.35500917099107
415.0,438.0,414.0,435.0,4.57,368422.0,420.89,421.6181818181818,66.24723990531736
435.0,450.0,429.0,433.0,-0.46,286433.0,421.77,423.82,64.58776322587458
433.0,443.5,427.5,442.9,2.29,368813.0,423.88,427.6618181818182,68.759451914099
442.0,448.0,421.4,440.0,-0.65,328639.0,426.18,430.59272727272725,66.29573060293008
440.0,440.0,427.0,436.0,-0.91,194333.0,427.98,432.3781818181818,62.94553049127492
444.7,444.7,423.0,424.0,-2.75,233400.0,428.68,431.6545454545454,54.11111870568965
425.0,455.0,417.0,433.0,2.12,254492.0,430.08000000000004,432.44,58.783418062222175
433.0,441.0,428.0,428.1,-1.13,182974.0,430.68999999999994,432.08000000000004,55.471847060201895
435.0,435.0,420.0,421.1,-1.64,123845.0,430.91,430.3363636363636,51.04758278151932
429.5,429.5,415.0,418.0,-0.74,140913.0,431.11,427.9890909090909,49.17699223864468
413.0,423.0,411.1,415.0,-0.72,139357.0,429.11,425.06,47.368015482562555
423.3,423.3,404.0,406.0,-2.17,166720.0,426.41,420.85818181818183,42.33657144862938
406.0,409.0,390.3,395.0,-2.71,290250.0,421.62000000000006,415.1472727272727,37.14349116659913
388.0,405.0,388.0,397.5,0.63,140174.0,417.37000000000006,410.7618181818182,38.97557382238592
399.1,404.0,392.2,394.0,-0.88,232228.0,413.1700000000001,406.51272727272726,37.334899022454714
394.0,399.0,385.3,388.0,-1.52,150587.0,409.57000000000005,401.93636363636364,34.642685908615015
388.0,410.0,386.0,410.0,5.67,163079.0,407.27,402.01454545454544,49.1280379938738
410.0,410.0,391.2,398.0,-2.93,146968.0,404.26,400.3290909090909,43.468825351847144
398.0,398.0,387.1,391.0,-1.76,97637.0,401.25,397.91818181818184,40.53547878453948
395.0,395.0,385.3,387.1,-1.0,47634.0,398.15999999999997,395.3454545454546,38.9581052523256
394.8,402.0,390.0,397.0,2.56,107313.0,396.36,395.1345454545455,44.82730281633145
401.9,408.0,398.0,400.5,0.88,130938.0,395.81,395.8872727272727,46.775703121482785
400.5,404.9,396.0,398.0,-0.62,73472.0,396.11,396.28545454545457,45.53864327971413
394.0,398.0,392.3,394.0,-1.01,52563.0,395.76,395.90181818181816,43.55390979110021
390.0,393.0,380.6,383.0,-2.79,165303.0,394.65999999999997,393.58181818181816,38.57488663957688
380.2,383.0,370.5,373.5,-2.48,181360.0,393.21,389.73454545454547,34.86761164363587
370.0,392.0,367.2,377.6,1.1,146986.0,389.96999999999997,386.8963636363636,37.6525388731839
384.9,398.0,381.0,398.0,5.4,117891.0,389.96999999999997,388.35636363636365,49.27438591253292
405.0,422.0,405.0,411.0,3.27,575194.0,391.96999999999997,392.18,55.02747996811685
419.2,419.2,398.5,399.0,-2.92,185751.0,393.16,393.45818181818186,49.452019165817404
400.0,400.0,388.0,391.9,-1.78,104865.0,392.65,393.22909090909087,46.453016515483924
394.0,394.0,381.2,385.0,-1.76,114028.0,391.1,391.8381818181818,43.680609820474935
392.7,396.9,381.0,390.9,1.53,77958.0,390.39,391.80181818181813,46.61456457088286
393.0,395.0,385.0,385.8,-1.3,67654.0,389.57000000000005,390.9672727272727,44.4585409169791
393.5,400.0,379.5,380.6,-1.35,67436.0,389.33000000000004,389.3363636363636,42.30976864636314
375.0,382.0,373.0,377.1,-0.92,96621.0,389.69,387.1127272727272,40.87767710911346
383.0,384.0,379.8,381.9,1.27,49303.0,390.12,385.6963636363637,43.692519601752934
385.0,389.6,384.2,388.1,1.62,102791.0,389.13,385.3290909090909,47.18998960209014
395.0,402.0,387.0,387.5,-0.15,149742.0,386.78000000000003,385.0327272727273,46.886474902000195
391.0,392.0,380.0,386.0,-0.39,91780.0,385.48,384.8909090909091,46.08839545039701
389.9,394.0,381.5,386.0,0.0,44105.0,384.89,384.98545454545456,46.088395450397
386.0,386.0,370.5,372.0,-3.63,124485.0,383.59000000000003,382.64181818181817,38.91783135638202
370.0,370.0,356.0,363.8,-2.2,105022.0,380.88,379.0436363636364,35.439872906296905
367.0,384.5,367.0,371.6,2.14,89343.0,379.46,377.3563636363636,40.854435428625166
379.0,379.0,364.0,364.9,-1.8,313369.0,377.89,374.7090909090909,37.913045810253095
315.7,320.0,304.0,319.0,-0.95,114493.0,372.08000000000004,364.0018181818182,24.760786880490468
315.0,323.0,315.0,322.0,0.94,69223.0,366.09000000000003,354.8963636363636,26.554165939636043
323.0,330.8,322.0,327.4,1.68,111401.0,360.02,347.86181818181814,29.797827899053907
333.0,334.0,323.0,328.7,0.4,107282.0,354.14,342.1672727272727,30.592538230298228
328.0,328.0,323.3,324.0,-1.43,60124.0,347.94,336.6872727272727,29.30107782955358
330.0,334.0,324.0,332.0,2.47,106955.0,342.54,333.78909090909093,34.37899131139793
338.5,345.5,335.0,340.0,2.41,213234.0,339.34000000000003,333.3272727272727,39.090321019900976
341.0,346.5,335.0,345.0,1.47,93614.0,337.46,334.3563636363636,41.89805506123133
349.0,349.0,339.0,339.0,-1.74,56490.0,334.2,334.6363636363636,39.54246698655753
345.7,345.7,330.0,332.0,-2.06,51399.0,330.90999999999997,334.23636363636365,36.93356262554428
326.0,331.0,319.5,321.0,-3.31,87625.0,331.11,332.43454545454546,33.22397743054407
315.0,325.0,315.0,319.5,-0.47,140057.0,330.86,330.32363636363635,32.74105204502672
318.0,322.0,315.0,319.5,0.0,43940.0,330.07,328.2581818181818,32.74105204502671
324.0,324.0,319.1,320.0,0.16,31990.0,329.2,326.42727272727274,33.116883414133355
320.2,324.8,318.1,324.0,1.25,38510.0,329.2,325.4818181818182,36.18883454919643
327.5,336.1,322.0,326.0,0.62,49057.0,328.6,324.9,37.72889947478179
320.2,339.0,320.0,322.0,-1.23,57831.0,326.8,323.7,35.86457002088059
323.0,325.0,320.1,322.0,0.0,22345.0,324.5,322.8272727272727,35.8645700208806
325.0,328.0,322.2,322.3,0.09,27353.0,322.83000000000004,322.42727272727274,36.13905242696828
319.1,325.0,319.1,319.5,-0.87,36983.0,321.58000000000004,321.8218181818182,34.648581790626885
320.0,320.0,315.0,318.0,-0.47,19446.0,321.28000000000003,321.1709090909091,33.84331919888225
318.0,323.0,309.8,317.0,-0.31,51828.0,321.03000000000003,320.39272727272726,33.287886167627455
311.0,320.0,306.4,306.4,-3.34,55231.0,319.71999999999997,317.73272727272723,28.035490232159187
310.0,312.5,300.3,302.4,-1.31,73598.0,317.96,314.58363636363634,26.346113140030262
303.2,308.4,300.0,302.0,-0.13,59667.0,315.76,311.6818181818182,26.17624556545021
307.9,308.0,303.0,305.0,0.99,33226.0,313.65999999999997,309.7254545454545,29.830415859667518
306.0,308.0,301.0,301.0,-1.31,52968.0,311.56,307.4236363636364,27.85091564815964
302.0,302.0,293.5,295.0,-1.99,70785.0,308.86,304.4127272727273,25.154494182148344
300.0,300.0,289.2,298.0,1.02,59491.0,306.43,302.4381818181818,28.8629964863349
299.2,303.0,295.0,297.0,-0.34,17173.0,304.18,300.72363636363633,28.358589743065647
292.1,300.9,292.0,293.0,-1.35,35554.0,301.68,298.6909090909091,26.37319491333867
293.1,296.0,290.2,293.5,0.17,19408.0,299.33000000000004,297.20363636363635,27.060610032503767
290.1,295.0,288.0,290.0,-1.19,74389.0,297.69,295.5072727272727,25.281247857153666
284.5,292.8,279.0,290.0,0.0,95972.0,296.45,294.1090909090909,25.28124785715367
294.9,303.0,285.2,303.0,4.48,38854.0,296.55,295.3,41.77386002311334
309.0,315.0,291.1,303.0,0.0,140796.0,296.35,296.4727272727273,41.773860023113336
298.0,304.0,297.0,300.0,-0.99,63688.0,296.25,297.1363636363636,39.44370503984107
306.0,306.0,296.0,299.8,-0.07,92841.0,296.73,297.7818181818182,39.28637358193355
300.0,307.0,300.0,307.0,2.4,58687.0,297.63,299.64909090909094,47.417752407616945
313.1,315.8,309.0,314.9,2.57,68932.0,299.41999999999996,302.7890909090909,54.602181787478315
321.1,321.1,315.0,318.0,0.98,88052.0,301.91999999999996,306.16727272727275,57.08033818602254
320.0,324.0,318.0,320.0,0.63,89164.0,304.57,309.45454545454544,58.64866389573581
325.0,325.0,316.0,316.0,-1.25,61050.0,307.16999999999996,311.53272727272724,54.369581584885964
320.0,322.0,313.1,319.0,0.95,41606.0,310.07,313.6836363636363,56.908949048883606
320.0,321.9,316.0,316.0,-0.94,58672.0,311.37,314.7618181818182,53.69115300421108
311.0,323.1,311.0,321.0,1.58,114133.0,313.16999999999996,316.51272727272726,57.95789010434961
323.9,331.0,320.9,329.0,2.49,200383.0,316.07,319.3909090909091,63.7179660267311
329.0,339.5,326.0,338.0,2.74,153230.0,319.89,323.3781818181818,68.88305556850153
338.0,344.0,333.0,336.0,-0.59,95538.0,322.78999999999996,326.30727272727273,66.61360192471334
336.0,341.0,333.0,340.4,1.31,104228.0,325.34000000000003,329.5090909090909,69.0309756648759
344.5,350.0,339.0,346.0,1.65,250067.0,328.14,333.26545454545453,71.826920435947
346.0,347.0,335.0,340.0,-1.73,138481.0,330.14,335.4218181818182,65.05051035248644
344.0,344.0,337.0,337.2,-0.82,101610.0,332.26000000000005,336.70545454545453,62.105842239014095
343.9,343.9,331.0,332.0,-1.54,117692.0,333.56000000000006,336.6581818181818,56.94989386529453
335.0,343.0,330.9,332.0,0.0,78924.0,335.16,336.37454545454545,56.94989386529452
332.0,342.0,328.0,333.0,0.3,129165.0,336.36,335.9818181818182,57.73250962634512
339.0,346.0,336.2,338.0,1.5,90457.0,337.26000000000005,336.28000000000003,61.50108765089625
342.5,350.3,334.0,343.0,1.48,282933.0,337.76000000000005,337.32363636363635,64.87385384578434
343.0,347.0,338.0,339.0,-1.17,75958.0,338.06000000000006,337.5490909090909,60.32102660963409
340.0,340.0,333.6,338.0,-0.29,64821.0,337.82,337.5381818181818,59.202424441291164
342.0,342.0,331.4,334.0,-1.18,167130.0,336.62,336.8436363636364,54.82302459043454
340.6,340.6,322.0,326.0,-2.4,138428.0,335.21999999999997,334.9127272727273,47.28865757858894
320.0,329.4,320.0,325.0,-0.31,87435.0,334.0,333.05454545454546,46.429694877701735
325.0,325.0,319.0,322.9,-0.65,48666.0,333.09000000000003,331.03636363636366,44.59766148644581
322.0,326.9,320.4,323.0,0.03,48916.0,332.18999999999994,329.20181818181817,44.70954166070274
326.0,335.5,325.4,332.0,2.79,75332.0,332.09,329.16727272727275,53.75999097608544
330.0,333.0,324.0,324.0,-2.41,58323.0,330.68999999999994,327.6963636363636,46.47728376282191
323.0,332.0,320.0,330.0,1.85,89259.0,329.39,327.57090909090914,51.75594086112986
330.0,335.0,325.0,325.0,-1.52,87824.0,327.98999999999995,326.77272727272725,47.5475427179309
324.1,327.0,318.1,320.1,-1.51,48184.0,326.2,325.33818181818185,43.789694084838125
320.0,325.0,317.0,320.0,-0.03,43150.0,324.8,324.21090909090907,43.713763279724674
326.0,332.0,318.0,318.0,0.0,95205.0,324.0,322.9745454545454,42.139944469669274
318.2,322.0,317.1,317.5,-0.16,31194.0,323.25,321.79272727272723,41.73540042507743
318.0,321.0,316.0,317.5,0.0,68488.0,322.71000000000004,320.7472727272727,41.73540042507743
312.0,315.0,306.5,310.1,-2.33,100671.0,321.42,318.45454545454544,35.83116268868948
306.1,313.0,306.1,310.0,-0.03,62480.0,319.22,316.3781818181818,35.75754538384579
315.0,315.0,307.0,313.1,1.0,38075.0,318.13,315.26545454545453,39.88114144703831
318.7,318.7,308.1,308.5,-1.47,39481.0,315.98,313.51454545454544,36.17096234655842
308.0,313.0,307.0,312.3,1.23,72584.0,314.71000000000004,312.8454545454546,41.04986909033192
306.2,309.0,303.1,306.0,-2.02,51452.0,313.3,311.2618181818182,36.120417379328124
312.0,312.0,304.0,310.0,1.31,55581.0,312.3,310.6618181818182,40.96751772605684
310.0,315.9,308.0,309.0,-0.32,43071.0,311.4,310.0618181818182,40.14735214407107
309.9,309.9,305.5,307.0,-0.65,41764.0,310.35,309.2618181818182,38.487767933348024
304.0,307.0,298.1,300.0,-2.28,65757.0,308.6,307.38000000000005,33.299392180976355
300.0,303.0,294.0,297.8,-0.73,49320.0,307.37,305.41636363636366,31.846351721699822
300.0,301.0,293.2,295.9,-0.64,66596.0,305.96,303.33090909090913,30.604300621940844
295.5,300.0,289.7,291.5,-1.49,70145.0,303.8,300.70181818181817,27.891400203323784
292.0,295.0,289.2,292.0,0.17,34570.0,302.15,298.5563636363636,28.665246254549565
286.2,296.0,286.2,292.0,0.0,39328.0,300.12,296.71090909090907,28.665246254549565
290.0,294.0,288.0,290.0,-0.68,54286.0,298.52,294.8709090909091,27.305830626255297
287.0,292.0,286.0,292.0,0.69,22260.0,296.71999999999997,293.68545454545455,30.838056392286774
295.0,305.0,294.0,304.9,4.42,72005.0,296.31,295.1727272727273,48.29072139516353
305.0,307.0,303.0,305.1,0.07,16966.0,296.12,296.7709090909091,48.50767259381356
304.0,306.0,299.0,302.0,-1.02,45051.0,296.32,297.84,45.33282596923843
302.0,304.0,298.0,298.1,-1.29,25426.0,296.35,298.1636363636364,41.64037653602571
304.0,304.0,295.0,295.5,-0.87,17840.0,296.31,298.0090909090909,39.339846795570466
293.1,300.0,293.1,298.0,0.85,30919.0,296.96,298.3163636363637,42.622365345150556
300.0,302.9,298.2,302.0,1.34,39119.0,297.96,299.23272727272735,47.516038506775935
305.0,305.0,297.1,301.0,-0.33,49796.0,298.86,299.78545454545457,46.44944834839573
302.0,302.0,294.5,297.3,-1.23,69498.0,299.59000000000003,299.50181818181824,42.635981147907344
295.0,300.0,289.2,290.1,-2.42,46956.0,299.4,297.77636363636367,36.377268700697435
290.0,291.0,285.2,287.0,-1.07,49604.0,297.61,295.52181818181816,34.05904628607251
287.2,290.0,284.0,287.0,0.0,28868.0,295.8,293.59272727272725,34.05904628607251
289.9,290.0,284.2,287.0,0.0,25767.0,294.3,291.9927272727273,34.0590462860725
290.0,291.0,284.0,285.1,-0.66,53241.0,293.0,290.32,32.47481823496794
286.0,286.0,280.0,285.0,-0.04,30563.0,291.95,288.86545454545455,32.389425770635405
282.0,285.0,281.0,282.0,-1.05,16605.0,290.35,287.05636363636364,29.853298308433125
287.6,287.6,270.0,277.0,-1.77,80132.0,287.85,284.6290909090909,26.174695490608254
275.0,277.0,271.5,272.8,-1.52,33557.0,285.03000000000003,281.89272727272726,23.549638193654655
273.0,281.0,272.0,279.0,2.27,31723.0,283.2,280.79636363636365,34.062411334092864
284.5,291.0,272.0,275.0,-1.43,51888.0,281.69,279.30545454545455,31.09185766186207
275.1,275.1,268.6,270.0,-1.82,28908.0,279.99,277.18,27.825258013497066
272.0,275.0,269.0,271.2,0.44,39543.0,278.40999999999997,275.58181818181816,29.73332906832878
276.6,276.6,270.2,272.0,0.29,36428.0,276.90999999999997,274.41636363636366,31.042168360915664
274.1,274.1,266.6,267.0,-1.84,42260.0,275.1,272.61454545454546,27.58390972731536
272.0,272.0,265.0,271.0,1.5,34752.0,273.7,271.8690909090909,33.92571046587883
276.4,276.4,270.0,271.0,0.0,39691.0,272.6,271.3781818181818,33.92571046587883
276.4,276.4,266.6,274.0,1.11,40062.0,272.3,271.63272727272727,38.602610176168064
279.0,291.0,273.5,283.9,3.61,44485.0,273.40999999999997,273.7418181818182,50.9429156676371
286.0,287.0,278.1,279.0,-1.73,23363.0,273.40999999999997,274.7581818181818,46.013383132506334
276.0,282.0,276.0,279.0,0.0,27791.0,273.81,275.77454545454543,46.01338313250634
279.0,281.0,276.0,280.0,0.36,19375.0,274.81,276.9,47.22216189982646
283.0,283.0,277.0,279.0,-0.36,32157.0,275.59000000000003,277.66181818181815,46.11031876707479
280.0,280.0,274.4,277.0,-0.72,24412.0,276.09000000000003,277.91818181818184,43.88482344044292
276.0,280.0,274.1,274.2,-1.01,16007.0,276.81000000000006,277.57454545454544,40.90802267223681
269.2,273.0,267.0,270.0,-1.53,38360.0,276.71000000000004,276.3363636363636,36.86819171172556
270.0,273.0,265.0,271.0,0.37,28866.0,276.71000000000004,275.29818181818183,38.427307058772946
270.0,278.0,270.0,275.1,1.51,21710.0,276.82000000000005,275.00545454545454,44.48124891451368
279.9,280.0,276.0,279.8,1.71,8983.0,276.40999999999997,275.54727272727274,50.490709418220135
280.0,282.0,275.3,282.0,0.79,31254.0,276.71,276.56363636363636,53.052355408290076
285.0,285.0,281.0,282.0,0.0,10789.0,277.01,277.5254545454545,53.05235540829008
280.0,280.0,273.0,274.6,-2.62,11814.0,276.47,277.0872727272727,44.14254978677703
270.3,275.0,270.3,275.0,0.0,7501.0,276.07000000000005,276.82,44.68334448900458
270.5,275.0,270.3,270.5,-1.64,14044.0,275.42,275.80727272727273,39.99234488556225
266.0,275.0,266.0,271.0,0.18,16703.0,275.1,275.00363636363636,40.736814353223004
267.6,274.3,266.0,268.5,-0.92,30241.0,274.95,273.8036363636364,38.185888570694544
269.0,273.0,268.2,269.0,0.19,19677.0,274.75,272.7218181818182,39.0085000252949
273.0,275.9,270.0,272.0,1.12,26086.0,274.44,272.2218181818182,43.837830562170915
272.0,275.4,270.1,274.0,0.74,13367.0,273.86,272.14181818181817,46.85877411170802
276.0,276.5,272.0,273.0,-0.36,45037.0,272.96000000000004,271.98545454545456,45.53977559109886
273.0,273.0,268.0,268.0,-1.83,14152.0,271.56000000000006,271.08363636363634,39.545878273754006
265.0,271.0,264.0,267.7,-0.11,54364.0,270.87,270.3818181818182,39.21239221418922
267.0,270.0,265.2,267.0,-0.26,9671.0,270.07,269.6781818181818,38.39871047873361
267.0,270.0,264.6,264.6,-0.9,16550.0,269.47999999999996,268.68363636363637,35.666059041476544
263.8,267.0,258.0,261.0,-1.36,107468.0,268.47999999999996,267.14181818181817,31.988668879737865
263.0,263.5,256.2,258.0,-1.15,23805.0,267.42999999999995,265.23636363636365,29.279410921065054
258.0,258.0,246.0,246.2,-4.57,40135.0,265.15,261.37636363636364,21.54868340796458
250.0,255.8,245.0,252.0,2.36,44113.0,263.15,258.98545454545456,31.168677681930333
255.0,256.0,248.0,250.0,-0.79,40388.0,260.75,256.5945454545455,29.811176015631506
250.0,250.0,242.0,245.6,-1.76,35033.0,258.01,253.84,27.02275130930184
245.6,248.0,243.0,243.1,-1.02,22161.0,255.51999999999998,251.1290909090909,25.55986560847249
245.0,245.0,235.2,240.0,-1.28,51945.0,252.75,248.30727272727273,23.836676646291895
236.0,236.7,230.0,234.0,-2.5,71127.0,249.45,244.89818181818183,20.899770339727713
232.0,243.5,229.5,243.5,4.06,31613.0,247.34,243.81636363636363,34.63266801881828
239.0,246.0,237.0,239.0,-1.85,55743.0,245.14000000000001,242.3,31.814999186074715
241.0,241.0,233.0,233.1,-2.47,29787.0,242.65,240.1109090909091,28.53681277685489
230.0,234.0,228.6,230.5,-1.12,45057.0,241.07999999999998,237.9018181818182,27.206422136045262
228.0,242.0,228.0,238.5,3.47,17649.0,239.72999999999996,237.43272727272725,36.94692364688094
238.5,239.0,230.3,235.0,-1.47,31016.0,238.22999999999996,236.57272727272726,34.75574591091604
235.7,235.7,229.3,234.0,-0.43,29024.0,237.07,235.80363636363637,34.13288798120529
234.0,237.0,226.0,235.0,0.43,28452.0,236.26,235.42727272727274,35.380024106304354
237.0,241.8,235.0,241.8,2.89,44034.0,236.44,236.43454545454546,43.24890670787683
246.6,246.6,236.0,236.0,-2.4,20204.0,236.64000000000001,236.35454545454544,38.89802217228713
238.8,238.8,233.0,234.0,-0.85,7366.0,235.69,235.87454545454545,37.497184632879815
236.0,238.0,232.0,236.1,0.9,14582.0,235.4,235.94909090909093,39.94286038748653
240.8,242.9,237.0,240.9,2.03,38806.0,236.18,236.9490909090909,45.21921721163935
243.0,243.0,236.6,236.6,-1.78,17532.0,236.79000000000002,237.02545454545455,41.68599023214613
236.0,241.0,236.0,240.2,1.52,32284.0,236.95999999999998,237.64545454545456,45.523722304644274
243.0,248.0,238.0,243.0,1.17,43920.0,237.76,238.74363636363637,48.36979388795516
240.0,242.0,235.0,235.1,-3.25,31733.0,237.87000000000003,238.26,41.74336432818657
239.5,239.5,232.1,235.0,-0.04,25023.0,237.87000000000003,237.73818181818183,41.665553489499565
239.7,244.0,233.0,234.0,-0.43,22855.0,237.09,237.03454545454545,40.84561222854928
237.0,237.0,232.0,233.5,-0.21,23312.0,236.84,236.38181818181818,40.41733210755406
235.0,235.0,220.0,223.0,-4.5,71393.0,235.74,233.86545454545455,32.67023869937529
225.0,227.0,223.0,226.8,1.7,26686.0,234.81,232.24,37.350476325514165
229.0,230.0,223.0,230.0,1.41,23340.0,233.71999999999997,231.36545454545455,41.06566023039314
232.0,235.0,228.5,234.0,1.74,40069.0,233.45999999999998,231.41636363636363,45.4224934000991
236.0,254.0,232.0,254.0,8.55,55018.0,234.84,235.15090909090907,60.96219271890873
249.0,249.0,239.0,248.7,-2.09,39685.0,235.41000000000003,237.67090909090908,56.38086643619872
249.7,249.7,244.0,247.0,-0.68,20088.0,236.6,239.7781818181818,54.95430621956396
248.8,248.8,245.0,246.2,-0.32,33597.0,237.71999999999997,241.52363636363634,54.2585575955456
251.0,251.0,244.0,247.0,0.32,9587.0,239.01999999999998,243.21090909090907,54.873824896045235
242.6,250.0,240.0,244.3,-1.09,25577.0,240.1,244.17090909090908,52.31613385822227
241.0,248.0,240.1,242.0,-0.94,13380.0,242.0,244.51636363636365,50.17085806353316
246.8,252.7,245.0,248.0,2.48,33250.0,244.12000000000003,245.60727272727271,55.31823431808395
250.0,253.9,246.0,253.0,2.02,61920.0,246.42000000000002,247.2218181818182,59.10905379697808
252.9,252.9,245.0,250.0,-1.19,33536.0,248.02000000000004,247.87272727272727,56.0371021262977
250.0,250.0,244.0,246.0,-1.6,19392.0,247.22000000000003,247.50545454545454,52.145731839098666
246.0,250.0,243.2,244.0,-0.81,54011.0,246.75,246.92000000000002,50.266166851710175
245.0,246.0,242.0,244.0,0.0,9136.0,246.45,246.42000000000002,50.266166851710175
246.0,257.0,244.0,256.0,4.92,105087.0,247.43,248.15636363636364,60.23896221731848
261.0,264.0,256.0,260.0,1.56,69646.0,248.73000000000002,250.44181818181818,62.90888265460597
255.0,262.0,255.0,260.6,0.23,33387.0,250.35999999999999,252.6,63.306899054059436
261.0,261.9,255.0,256.0,-1.77,43281.0,251.76,253.62545454545455,58.15454196632987
251.0,259.9,247.0,253.0,-1.17,42789.0,252.26,253.85090909090908,55.01008718990718
250.0,250.0,243.0,249.0,-1.58,26655.0,251.85999999999999,253.25818181818184,51.04681598477404
246.0,250.0,242.0,250.0,0.4,31036.0,251.85999999999999,252.92000000000002,51.9782963694145
250.0,250.0,242.3,242.6,-2.96,16389.0,251.51999999999998,251.23636363636365,45.13421634633342
244.0,244.8,238.5,238.5,-1.69,34664.0,250.96999999999997,248.8690909090909,41.84653750086894
236.0,241.0,235.0,236.0,-1.05,28967.0,250.17,246.14727272727274,39.936279953324025
235.0,238.0,230.3,232.0,-1.69,35278.0,247.76999999999998,242.84363636363636,37.02407909030225
230.3,235.0,229.0,230.8,-0.52,28185.0,244.85,239.75818181818184,36.17189980071779
230.5,234.9,226.5,232.5,0.74,25907.0,242.04000000000002,237.5127272727273,38.3372202040466
233.0,236.9,230.0,231.0,-0.65,54622.0,239.54000000000002,235.50545454545454,37.1399862911526
233.0,233.9,230.0,230.1,-0.39,28118.0,237.25,233.78909090909093,36.405371295565935
234.0,234.0,229.3,230.0,-0.04,35680.0,235.35,232.4709090909091,36.31941077866765
233.0,234.0,229.2,229.5,-0.22,30124.0,233.3,231.40727272727273,35.86343670897583
229.5,231.0,227.0,230.0,0.22,27140.0,232.04000000000002,230.80727272727273,36.71901404592039
233.0,233.0,228.7,229.0,-0.43,14805.0,231.09,230.25454545454545,35.693463757564245
229.0,233.4,229.0,230.1,0.48,18947.0,230.5,230.07454545454547,37.752964676865474
231.0,234.0,229.1,230.0,-0.04,16756.0,230.3,229.98363636363638,37.63496240812866
231.7,231.7,227.1,227.1,-1.26,15278.0,229.92999999999998,229.4018181818182,34.287906644210786
227.1,228.9,222.5,225.0,-0.92,48888.0,229.17999999999998,228.50545454545454,32.064102525897475
224.0,224.7,222.0,223.0,-0.89,13511.0,228.37999999999997,227.38181818181818,30.064235551013084
225.0,225.0,222.0,222.8,-0.09,22937.0,227.65,226.36727272727273,29.863645437465667
222.4,222.4,220.0,220.5,-1.03,26244.0,226.7,225.06727272727275,27.584330531542825
217.1,220.0,217.0,219.9,-0.27,35691.0,225.74,223.8309090909091,27.00527761434417
222.0,222.0,218.0,220.0,0.05,13107.0,224.74,222.78727272727275,27.27927564091462
221.0,225.1,220.0,222.9,1.32,8420.0,224.12999999999997,222.45272727272726,34.909798079085974
220.0,224.0,220.0,221.5,-0.63,6892.0,223.26999999999998,221.97454545454545,33.10391291719381
223.9,224.0,219.8,220.0,-0.68,22435.0,222.26999999999998,221.38,31.23928661009505
220.0,220.0,218.0,219.0,-0.45,14047.0,221.45999999999998,220.78545454545457,30.025086768848393
220.0,221.0,219.0,220.1,0.5,17997.0,220.97000000000003,220.53818181818178,33.10514650557706
222.0,223.0,220.0,220.5,0.18,12633.0,220.72000000000003,220.45272727272726,34.23869263692987
221.9,222.1,217.1,222.1,0.73,20891.0,220.65,220.70363636363638,38.71236360895484
222.8,227.0,220.0,224.0,0.86,9340.0,221.0,221.31272727272727,43.61755344396677
225.0,228.0,223.1,227.9,1.74,14466.0,221.8,222.56727272727275,52.09324909983728
227.0,227.4,219.5,220.0,-3.47,22332.0,221.8,222.23999999999998,39.22896875073177
217.0,220.0,216.1,217.5,-1.14,11747.0,221.26,221.45818181818183,36.183771148626
217.0,219.0,216.0,216.0,-0.69,14224.0,220.70999999999998,220.50181818181818,34.45553335455879
215.0,218.0,212.0,214.4,-0.74,19126.0,220.15,219.35454545454544,32.663422908724726
217.8,217.9,213.0,213.0,-0.65,15778.0,219.55,218.05454545454546,31.137333598349873
211.0,215.0,211.0,213.5,0.23,9714.0,218.89000000000001,216.95454545454547,32.35294235481856
211.0,213.0,210.0,211.0,-1.17,24078.0,217.94,215.52,29.544642887301702
213.0,220.9,211.0,218.0,3.32,17891.0,217.53000000000003,215.5309090909091,44.16022208891912
219.0,220.0,216.0,219.0,0.46,2054.0,217.03000000000003,215.7981818181818,45.88720723438025
219.2,224.9,219.0,224.1,2.33,14098.0,216.65,217.08363636363637,53.74434880838756
225.0,228.0,223.1,225.0,0.4,18932.0,217.15,218.60181818181817,54.98647208061948
225.0,226.9,218.0,218.0,-3.11,29112.0,217.2,218.75636363636363,44.889619080285335
218.0,223.0,216.0,219.4,0.64,23599.0,217.54000000000002,219.1563636363636,46.98630292214264
220.0,222.0,218.1,220.0,0.27,6697.0,218.1,219.60363636363638,47.90112322356256
220.0,221.3,219.0,220.9,0.39,11788.0,218.89000000000001,220.11272727272728,49.314023347481864
217.2,219.0,217.2,217.5,-1.54,10386.0,219.29000000000002,219.85999999999999,44.41373647391521
221.0,227.0,219.0,223.0,2.53,20664.0,220.49,220.53454545454545,52.6162821638466
227.0,227.0,218.0,218.0,-2.24,27621.0,220.49,220.0818181818182,45.97442568210365
220.0,221.0,218.0,219.0,0.46,8282.0,220.49,219.81090909090906,47.404416618623046
219.0,222.7,219.0,222.5,1.6,9947.0,220.33,220.17636363636365,52.17570030795313
222.0,226.0,221.0,223.0,0.22,22933.0,220.13000000000002,220.66181818181818,52.833967113853674
227.0,235.6,221.0,232.0,4.04,21208.0,221.53000000000003,222.82,62.76802342827191
236.0,236.0,226.0,229.0,-1.29,26194.0,222.49,224.1781818181818,58.35592063812701
228.0,230.0,226.0,227.0,-0.87,16280.0,223.19,224.99818181818182,55.552402077249305
223.2,230.0,223.1,229.0,0.88,13397.0,224.0,226.05454545454546,57.73887569199722
229.0,231.0,225.0,228.9,-0.04,18518.0,225.14000000000001,226.94545454545454,57.58634047864382
226.0,227.0,224.9,224.9,-1.75,11240.0,225.33,226.9018181818182,51.70253504145608
225.0,227.7,222.3,223.0,-0.84,16370.0,225.83,226.47818181818184,49.13448476543199
226.0,226.0,219.0,220.0,-1.35,43355.0,225.93,225.4181818181818,45.30784624128151
224.0,224.4,216.4,217.5,-1.14,10775.0,225.43,223.88545454545456,42.348011313282804
220.0,220.0,216.8,217.0,-0.23,15734.0,224.83,222.35272727272726,41.76042234416826
220.0,221.0,217.5,218.3,0.6,7573.0,223.45999999999998,221.16545454545457,43.9384517191336
219.0,220.9,217.5,220.0,0.78,11572.0,222.56,220.53636363636363,46.74330396427069
224.4,228.0,221.4,223.9,1.77,14275.0,222.25,220.78,52.60205186593368
228.3,229.5,220.5,220.5,-1.52,5512.0,221.4,220.4618181818182,47.677743128778104
220.0,220.0,216.0,218.5,-0.91,15991.0,220.35999999999999,219.93454545454546,45.00858844114388
218.5,221.8,218.5,220.9,1.1,6773.0,219.95999999999998,220.03272727272727,48.71866846153961
220.0,225.0,217.6,224.0,1.4,26892.0,220.06,220.7672727272727,53.118398074372216
223.0,225.0,221.0,222.0,-0.89,3697.0,220.26,221.11999999999998,50.13013678358076
218.0,223.8,218.0,222.4,0.18,13225.0,220.75,221.5090909090909,50.72716632128225
226.0,226.0,220.0,221.2,-0.54,15849.0,221.17,221.5909090909091,48.83820413160242
218.0,223.2,218.0,223.2,0.9,13520.0,221.66,221.95999999999998,52.0434685296421
221.0,226.8,221.0,224.2,0.45,10462.0,222.08,222.42181818181817,53.6084585409967
225.8,226.0,220.2,222.0,-0.98,19096.0,221.88999999999996,222.4072727272727,49.76111249061473
218.1,222.5,218.1,221.0,-0.45,11315.0,221.93999999999997,222.24545454545455,48.0722872178681
221.0,221.0,219.0,220.0,-0.45,11732.0,222.08999999999997,221.89272727272726,46.37723088614954
218.0,220.0,217.1,218.0,-0.91,11124.0,221.8,221.14909090909092,43.10368502639466
217.0,218.0,211.0,214.0,-1.83,59947.0,220.8,219.7309090909091,37.41543027353981
214.0,215.0,210.1,214.0,0.0,21300.0,220.0,218.49454545454546,37.41543027353981
217.0,217.0,210.1,212.9,-0.51,10595.0,219.05,217.20363636363638,35.90426241517525
210.1,211.9,209.1,211.0,-0.89,16137.0,218.03000000000003,215.74,33.39530668048391
206.8,208.5,199.0,205.0,-2.84,36529.0,216.20999999999998,213.3709090909091,26.982937119871778
209.0,209.0,204.0,204.0,-0.49,25349.0,214.19,211.15090909090907,26.083977152918404
200.3,211.9,200.3,206.5,1.23,23172.0,212.64000000000001,209.75272727272727,32.168252091229604
208.9,210.1,206.1,206.5,0.0,26068.0,211.19,208.63636363636363,32.168252091229604
208.0,211.8,205.5,211.8,2.57,35248.0,210.36999999999998,208.74727272727273,43.58560450382751
214.0,218.0,209.1,216.2,2.08,26812.0,210.19,209.80727272727273,50.96469400814959
219.0,223.9,219.0,223.9,3.56,43431.0,211.18,212.3,60.66194174028381
220.1,223.0,218.0,222.0,-0.85,13938.0,211.98000000000002,214.26727272727274,57.63321556401443
220.0,229.0,219.0,229.0,3.15,35371.0,213.59,217.36181818181817,64.63820019777604
229.9,233.5,225.6,227.0,-0.87,43741.0,215.19,219.8,61.5089750404675
223.0,234.0,223.0,230.0,1.32,27806.0,217.69,222.49272727272725,64.30076302578944
234.0,235.0,227.4,235.0,2.17,33576.0,220.79000000000002,225.64000000000001,68.41288805206966
230.3,236.5,230.3,236.4,0.6,43842.0,223.77999999999997,228.4781818181818,69.47319461506831
238.0,241.0,235.0,239.9,1.48,56406.0,227.11999999999998,231.4090909090909,72.0033772315272
238.0,242.7,236.7,241.3,0.58,38893.0,230.07000000000002,233.98727272727274,72.96850594083611
241.0,255.0,238.6,254.0,5.26,71574.0,233.85,238.33818181818182,79.77857733029879
259.0,264.9,253.0,253.0,-0.39,114667.0,236.76,241.82,78.109913946654
253.0,268.0,244.6,249.5,-1.38,63925.0,239.51,244.13636363636363,72.40189860952147
252.0,252.0,244.5,247.0,-1.0,37990.0,241.31,245.49818181818182,68.54858703508978
247.0,251.0,245.0,247.6,0.24,35934.0,243.36999999999998,246.64181818181817,68.97535025610291
252.5,252.5,244.1,247.0,-0.24,53738.0,245.07,247.3018181818182,67.98194806839065
251.0,258.8,247.4,248.0,0.4,69434.0,246.36999999999998,247.83454545454543,68.78876605144819
246.0,249.5,245.0,247.5,-0.2,29242.0,247.48000000000002,248.04000000000002,67.8678930938071
251.0,252.0,246.1,247.0,-0.2,45450.0,248.19,247.9527272727273,66.9033650790199
251.9,251.9,242.6,245.0,-0.81,30892.0,248.56,247.37272727272727,63.04380696547306
249.0,249.0,242.0,243.0,-0.82,19087.0,247.45999999999998,246.36181818181817,59.356233828312995
242.0,242.0,237.0,238.0,-2.06,37140.0,245.95999999999998,244.64181818181817,51.280609905750666
236.0,239.0,234.1,236.3,-0.71,32641.0,244.64000000000001,242.88545454545456,48.847211998274375
237.0,238.0,233.0,234.1,-0.93,25358.0,243.35,240.96909090909094,45.81718306451917
238.7,238.7,233.0,235.0,0.38,43768.0,242.09,239.45090909090908,47.258514518490834
238.0,239.0,234.5,234.5,-0.21,20081.0,240.84,238.07090909090908,46.51816459884761
238.7,248.0,233.0,243.0,3.62,40958.0,240.34,238.46363636363637,58.43835730569225
245.0,247.5,240.2,247.5,1.85,31098.0,240.34,239.76545454545456,63.12428606880284
249.0,254.0,245.0,249.4,0.77,85833.0,240.58,241.4127272727273,64.92256311191365
249.0,250.0,245.0,249.5,0.04,31323.0,241.03000000000003,243.03454545454545,65.01925194920797
250.0,250.0,235.0,239.1,-4.17,35128.0,240.64000000000001,242.68363636363637,49.681513535295714
243.0,243.0,236.2,236.7,-1.0,14119.0,240.51,241.9672727272727,46.930234325320306
240.0,240.0,232.6,233.0,-1.56,39752.0,240.17999999999998,240.60181818181815,42.978678915875996
233.0,233.0,230.0,232.0,-0.43,31037.0,239.96999999999997,239.11454545454544,41.950576808543396
227.7,233.0,227.7,232.0,0.0,24000.0,239.67,237.6654545454545,41.9505768085434
236.0,240.7,232.3,232.4,0.17,23653.0,239.45999999999998,236.34363636363636,42.587691406454645
229.0,234.6,228.0,231.9,-0.22,39632.0,238.35,234.96909090909094,41.96763831932264
228.0,230.9,226.5,229.0,-1.25,30157.0,236.5,233.26909090909092,38.469226684454775
228.0,233.0,228.0,233.0,1.75,18732.0,234.85999999999999,232.6327272727273,45.24872131848975
235.9,235.9,230.0,231.0,-0.86,24633.0,233.01,231.9309090909091,42.71455275514281
235.0,239.0,228.0,230.0,-0.43,12070.0,232.1,231.38363636363633,41.464131215967775
232.0,232.0,227.6,228.0,-0.87,33877.0,231.23000000000002,230.63818181818183,39.004819737616806
232.0,232.0,225.0,229.0,0.44,20255.0,230.83,230.23272727272726,40.892541321852036
227.0,231.5,226.0,230.0,0.44,20180.0,230.63000000000002,230.0818181818182,42.79901414897876
234.0,234.0,229.0,232.7,1.17,22862.0,230.7,230.45818181818183,47.70366435301819
232.0,232.7,226.0,229.0,-1.59,26504.0,230.35999999999999,230.1490909090909,42.34529844830039
225.0,229.9,225.0,227.0,-0.87,19726.0,229.86999999999998,229.5381818181818,39.74638837182628
225.0,229.0,225.0,227.9,0.4,15816.0,229.76,229.18,41.486742113626335
232.0,232.0,223.0,226.5,-0.61,25487.0,229.10999999999999,228.58727272727273,39.5719900413565
230.0,230.0,223.5,226.0,-0.22,14480.0,228.60999999999999,228.0218181818182,38.88178822320209
223.1,228.5,223.1,224.0,-0.88,20727.0,228.01,227.18363636363637,36.16461847690523
227.0,227.0,223.2,224.0,0.0,25501.0,227.60999999999999,226.45454545454547,36.16461847690523
228.2,228.2,220.1,222.0,-0.89,30212.0,226.91,225.43454545454546,33.453309597025225
221.0,224.0,217.6,222.9,0.41,24176.0,226.2,224.70545454545453,35.78633653531971
227.2,227.2,218.0,222.0,-0.4,37285.0,225.13000000000002,223.94181818181818,34.48436870010133
218.2,224.9,217.7,221.8,-0.09,25761.0,224.41000000000003,223.33636363636364,34.18671413778654
222.0,223.9,221.0,221.8,0.0,38791.0,223.89000000000001,222.86181818181817,34.186714137786545
221.8,223.9,220.0,221.9,0.05,16242.0,223.29000000000002,222.5,34.51448840833025
218.0,222.5,218.0,218.8,-1.4,4091.0,222.52000000000004,221.68363636363637,29.59396970183095
218.8,222.0,217.1,218.8,0.0,15801.0,221.8,221.00727272727272,29.593969701830954
223.0,223.0,216.3,216.9,-0.87,11349.0,221.09,220.11636363636367,26.870933160590884
221.0,221.0,214.9,216.8,-0.05,13028.0,220.37000000000003,219.33636363636364,26.731519614227583
216.0,218.0,215.0,215.8,-0.46,32182.0,219.75,218.50545454545457,25.316968606032386
219.9,219.9,215.0,215.2,-0.28,27758.0,218.98000000000002,217.67818181818183,24.479938235392524
215.0,223.0,214.0,216.0,0.37,17976.0,218.38000000000002,217.13636363636363,27.902664352435423
220.0,220.0,216.0,217.3,0.6,30994.0,217.93,216.94000000000003,33.200755341883486
221.6,224.0,218.0,224.0,3.08,21777.0,218.15,218.04363636363635,52.55280195052193
227.0,242.0,226.0,242.0,8.04,38812.0,220.16,222.38,74.18795980320066
246.0,246.0,233.0,233.0,-3.72,73627.0,221.58,224.71454545454543,59.56337667598532
233.0,236.5,230.1,232.4,-0.26,15160.0,222.94,226.6818181818182,58.732150153368615
234.0,234.0,222.5,225.0,-3.18,118193.0,223.75,227.05636363636364,49.548135797080874
226.1,227.0,223.1,224.0,-0.44,19902.0,224.47000000000003,227.10181818181817,48.44567134302306
228.4,231.5,226.5,227.1,1.38,7514.0,225.6,227.58,52.01043290282
231.0,235.0,224.0,226.0,-0.48,21908.0,226.68,227.65272727272728,50.67154213579474
229.0,229.0,221.7,223.5,-1.11,24935.0,227.43,227.07454545454547,47.66813085367412
220.0,224.9,220.0,220.0,-1.57,26744.0,227.7,225.72363636363636,43.75775553782935
220.0,229.7,220.0,229.0,4.09,16250.0,228.2,225.95999999999998,54.16912029018181
231.8,232.0,225.0,225.0,-1.75,16400.0,226.5,225.37818181818182,49.76022747907522
225.0,229.0,224.3,227.0,0.89,10639.0,225.9,225.4690909090909,51.86959363616419
225.0,227.0,223.0,224.0,-1.32,21042.0,225.06,225.12363636363634,48.57506247381224
221.0,227.0,221.0,222.9,-0.49,16678.0,224.85,224.7309090909091,47.38658140927802
220.8,227.0,220.8,227.0,1.84,13145.0,225.15,225.12181818181818,52.0916500842007
230.6,230.6,225.0,228.0,0.44,13350.0,225.24,225.64000000000001,53.19115752763844
228.0,229.9,224.1,225.0,-1.32,16356.0,225.14000000000001,225.59636363636363,49.51944502944029
228.0,228.0,223.5,226.0,0.44,25421.0,225.39000000000001,225.75272727272727,50.74008150613496
229.8,230.4,225.3,230.4,1.95,26751.0,226.43,226.66363636363636,55.803956491689966
228.1,231.9,227.0,229.0,-0.61,24705.0,226.43,227.1309090909091,53.90515472939032
229.0,232.0,227.0,230.0,0.44,11554.0,226.93,227.78,55.08087121238783
229.0,229.0,225.5,226.0,-1.74,11307.0,226.83,227.6109090909091,49.62804012488677
229.9,229.9,225.2,226.5,0.0,13140.0,227.08,227.55090909090907,50.2904936125609
226.0,231.0,225.0,227.0,0.22,14502.0,227.49,227.53636363636363,50.98469099286152
225.5,229.9,225.4,229.2,0.97,10679.0,227.70999999999998,227.84727272727272,54.02687123171918
232.0,232.3,228.7,231.0,0.79,18823.0,228.01,228.44545454545454,56.41066118555498
233.5,234.0,228.6,232.0,0.43,26179.0,228.70999999999998,229.17090909090908,57.72222148250613
229.0,232.0,229.0,231.8,-0.09,9381.0,229.29000000000002,229.73272727272726,57.350549144421855
233.0,237.5,230.0,236.4,1.98,27875.0,229.89000000000001,231.02545454545458,63.21701668854682
236.0,244.0,234.5,237.0,0.25,21148.0,230.69,232.3181818181818,63.914248328426346
239.0,240.0,235.4,236.2,-0.34,53897.0,231.31,233.32,62.22073471625087
236.1,236.1,226.0,227.5,-3.68,34201.0,231.45999999999998,232.62727272727273,47.48526922475163
227.0,229.0,224.2,225.0,-1.1,23949.0,231.31,231.45272727272726,44.2427936993716
224.0,243.9,224.0,231.0,2.67,15427.0,231.70999999999998,231.39636363636362,52.60705224884527
228.0,236.0,228.0,232.0,0.43,12228.0,231.99,231.44909090909093,53.84966201461533
232.0,235.5,230.0,231.7,-0.13,15338.0,232.06,231.39636363636362,53.39734116048193
232.0,234.6,228.4,230.5,-0.52,23891.0,231.91,231.11272727272726,51.532716844029586
232.0,234.0,228.2,229.0,-0.65,15907.0,231.62999999999997,230.58363636363637,49.219056048232645
226.3,229.0,226.3,228.0,-0.44,15148.0,230.78999999999996,229.92363636363635,47.682086291300195
232.0,232.0,226.0,231.0,1.32,20134.0,230.18999999999997,229.9618181818182,52.47660921716417
231.0,233.3,228.0,229.7,-0.56,26907.0,229.54000000000002,229.87272727272727,50.324419570198245
225.5,233.9,225.5,231.0,0.57,42529.0,229.89000000000001,230.13818181818178,52.425643687750444
231.0,241.0,230.0,233.5,1.08,37587.0,230.74,230.79454545454547,56.257541791251235
238.0,238.0,233.3,234.9,0.6,33448.0,231.13000000000002,231.55090909090907,58.28390543397028
231.1,236.0,231.1,236.0,0.47,43881.0,231.53000000000003,232.43636363636364,59.857413187344406
240.0,240.7,233.0,234.3,-0.72,32795.0,231.79000000000002,232.94000000000003,56.321662539414014
236.2,237.1,231.5,232.0,-0.98,54490.0,231.94,232.97818181818184,51.85845712784474
230.3,234.4,230.1,230.1,-0.82,47446.0,232.05,232.64363636363635,48.44326409889529
230.1,232.0,226.3,230.0,-0.04,33910.0,232.25,232.27090909090907,48.263110867013665
226.3,236.0,226.3,233.0,1.3,78737.0,232.45,232.40727272727273,53.81243011794393
234.7,236.9,232.0,236.0,1.29,63038.0,233.07999999999998,233.05272727272725,58.595153477174044
239.7,246.6,236.0,246.0,4.24,125464.0,234.57999999999998,235.4018181818182,69.81533602198729
248.7,250.8,240.3,242.0,-1.63,42946.0,235.42999999999998,236.7509090909091,62.5174861538508
240.0,242.0,233.1,234.0,-3.31,70415.0,235.33999999999997,236.4909090909091,51.02871878857562
231.5,235.0,229.0,233.0,-0.43,35731.0,235.03999999999996,236.06545454545454,49.796838803365596
230.6,232.1,228.6,231.1,-0.82,49081.0,234.72000000000003,235.34909090909093,47.45285623669667
234.0,234.0,224.9,225.9,-2.25,49319.0,234.10999999999999,233.74545454545455,41.67154170545422
224.0,228.9,223.0,225.0,-0.4,53945.0,233.6,232.0890909090909,40.74625611404784
229.5,231.0,227.1,229.9,2.18,36969.0,233.59,231.41636363636363,47.57183016581226
228.0,230.0,227.1,228.9,-0.43,23357.0,233.18,230.5636363636364,46.397193108137316
232.8,232.8,224.9,227.4,-0.66,35750.0,232.32000000000002,229.5127272727273,44.6175398232854
229.0,231.0,227.2,229.1,0.75,27332.0,230.63000000000002,228.92727272727274,47.09432477299452
230.0,233.6,228.2,228.2,-0.39,32599.0,229.25,228.48545454545456,45.92340166337236
227.0,232.7,227.0,231.8,1.58,35728.0,229.03000000000003,228.9490909090909,51.15489335361238
236.3,244.0,232.1,241.2,4.06,47648.0,229.85,231.16181818181818,61.60084249757555
246.0,248.9,238.0,244.2,1.24,87521.0,231.16,233.77090909090907,64.23004097515823
241.1,256.0,237.4,254.0,4.01,127311.0,233.97000000000003,237.92363636363635,71.17359301258473
258.0,258.0,250.0,253.9,-0.04,93051.0,236.86000000000004,241.54727272727274,71.02209207495916
255.0,272.0,251.0,265.0,4.37,158856.0,240.37000000000003,246.66363636363636,76.89992764198033
265.5,267.0,256.1,256.8,-3.09,128760.0,243.16,249.65090909090912,66.2147720699326
252.1,257.1,248.0,252.0,-1.87,57467.0,245.61999999999998,251.25818181818184,60.88196752976851
257.0,257.0,247.0,254.5,0.99,74454.0,248.16,252.87272727272727,62.57269194447113
254.5,256.8,251.2,251.2,-1.3,88428.0,250.46000000000004,253.42545454545458,58.95073204031444
252.0,255.0,247.5,250.0,-0.48,61134.0,252.28000000000003,253.34181818181816,57.6440636721095
251.0,254.0,247.0,253.8,1.52,68767.0,253.54000000000002,253.61818181818182,60.620734560332714
250.0,257.6,250.0,252.8,-0.39,44354.0,254.4,253.48363636363638,59.43694608660561
257.8,264.0,255.9,260.4,3.01,176206.0,255.04000000000002,254.57454545454547,65.02664576516192
264.0,265.4,259.2,260.5,0.04,118909.0,255.7,255.56727272727275,65.09480410458416
265.0,271.0,258.5,260.0,-0.19,169796.0,255.2,256.34909090909093,64.41880046294781
262.0,262.9,254.0,262.0,0.77,86391.0,255.72000000000003,257.5854545454546,65.94236841588801
266.7,266.7,257.0,260.0,-0.76,68186.0,256.52000000000004,258.3636363636364,63.03559113512941
260.0,262.0,258.0,260.6,0.23,64047.0,257.13,259.1054545454545,63.55462486126277
260.1,268.0,258.0,267.5,2.65,161627.0,258.76,260.9909090909091,68.95353919260965
268.0,280.0,265.0,279.3,4.41,293463.0,261.68999999999994,264.72545454545457,75.6081944336941
273.8,282.0,273.8,279.0,-0.11,234556.0,264.21000000000004,267.8727272727273,75.1670660613493
280.0,283.0,275.1,275.9,-1.11,107569.0,266.52,269.9981818181818,70.58428344341658
275.0,275.9,270.5,272.0,-1.41,105875.0,267.67999999999995,270.99454545454546,65.19875232563011
272.1,278.7,272.1,276.0,1.47,92245.0,269.22999999999996,272.5072727272727,67.90368104036399
274.1,280.0,274.1,278.0,0.72,90930.0,271.03,274.1018181818182,69.19301349867769
277.0,279.0,275.1,278.0,0.0,67927.0,272.63,275.3690909090909,69.19301349867767
277.0,279.0,274.6,275.4,-0.94,104300.0,274.16999999999996,275.8727272727273,65.24164690985604
278.0,278.4,275.0,276.0,0.22,68711.0,275.71,276.2054545454546,65.72803912688833
278.0,278.0,272.2,275.0,-0.36,89986.0,276.46,276.0763636363636,64.11762241417988
274.0,274.0,264.9,265.2,-3.56,147809.0,275.05,274.02909090909094,50.94433302048928
269.0,279.0,264.0,274.0,3.32,76844.0,274.55,273.8381818181818,59.07532202160088
268.6,275.0,263.4,275.0,0.36,135005.0,274.46,273.92,59.8889396371647
275.0,280.0,270.0,275.9,0.33,362536.0,274.85,274.1818181818182,60.647233487147155
279.0,279.0,268.0,268.2,-2.79,129734.0,274.07,272.9727272727273,51.65057119787272
269.0,271.0,263.1,266.0,-0.82,61885.0,272.87,271.50545454545454,49.39592607271567
268.3,268.3,264.0,264.1,-0.71,40400.0,271.48,269.9109090909091,47.468728378475376
264.0,264.5,260.0,261.0,-1.17,61791.0,270.04,268.00545454545454,44.42336340305433
259.0,262.0,259.0,259.2,-0.69,163996.0,268.36,266.0345454545454,42.70997219435924
262.0,265.0,259.0,264.0,1.85,127028.0,267.26,265.2418181818182,48.42286087909899
268.9,268.9,263.4,264.0,0.0,56953.0,267.14,264.64909090909094,48.422860879099
268.0,270.0,264.2,269.0,1.89,82915.0,266.64,264.98727272727274,53.96825367431944
271.9,272.0,266.6,268.0,-0.37,167160.0,265.94,265.23454545454547,52.74677564251502
268.0,270.0,265.1,266.0,-0.75,75120.0,264.95,265.24545454545455,50.29496737472527
267.9,267.9,264.6,265.0,-0.38,96078.0,264.63,265.25454545454545,49.06686771538276
269.0,271.8,266.0,267.9,1.09,254313.0,264.82000000000005,265.84909090909093,52.67577150276192
270.0,271.0,261.9,263.6,-1.61,500693.0,264.77,265.6272727272727,47.32163099056805
233.0,235.0,223.1,225.0,-3.29,96624.0,261.16999999999996,258.3963636363636,23.8683177872293
225.1,226.0,220.5,222.0,-1.33,48736.0,257.45,251.27454545454546,22.917640675735147
220.0,221.4,217.0,217.3,-2.12,63373.0,252.78000000000003,243.97454545454542,21.474540769948593
214.1,217.0,212.2,213.0,-1.98,79074.0,247.68,236.7418181818182,20.220059442215035
213.0,217.9,212.0,216.0,1.41,44247.0,242.38000000000002,230.98181818181817,23.574470307553078
216.0,216.0,212.1,213.7,-1.06,36325.0,236.95,225.76727272727274,22.783545634870787
213.0,215.0,213.0,214.0,0.14,41762.0,231.75,221.59454545454543,23.145737956318165
215.0,215.0,211.5,211.5,-1.17,28025.0,226.4,217.9127272727273,22.210770601981057
212.0,214.0,206.0,209.0,-1.18,66954.0,220.51,214.7490909090909,21.28483581009859
211.0,211.0,205.2,205.2,-1.82,46419.0,214.67,211.96545454545455,19.92512631324315
208.0,208.0,204.2,205.0,-0.1,32672.0,212.67,210.2072727272727,19.85324130446592
205.0,207.0,203.9,205.0,0.0,30711.0,210.96999999999997,208.81272727272727,19.85324130446592
203.0,210.0,200.9,210.0,2.44,73726.0,210.23999999999995,208.63636363636363,27.442967908636884
210.0,210.0,201.8,204.0,-2.86,37146.0,209.33999999999997,207.50181818181818,24.450718904510037
205.9,207.0,203.0,207.0,1.47,39292.0,208.43999999999997,207.07636363636365,28.640334218867867
207.9,208.0,202.6,207.0,0.0,32216.0,207.76999999999998,206.81454545454545,28.640334218867867
207.0,207.0,199.0,206.1,-0.43,35093.0,206.98000000000002,206.5109090909091,28.09819251359161
204.0,205.0,201.1,203.6,-1.21,16075.0,206.19,205.89636363636362,26.592369418397556
200.1,204.5,199.1,204.0,0.2,13671.0,205.69,205.49818181818182,27.264029402022096
204.0,204.0,202.0,202.5,-0.74,7039.0,205.42,204.9181818181818,26.292499669030555
205.0,205.0,201.3,201.3,-0.59,40760.0,205.05,204.1690909090909,25.50935813684159
202.0,202.9,199.4,199.5,-0.89,41137.0,204.5,203.16000000000003,24.338310018657857
202.0,202.0,197.1,197.3,-1.1,46446.0,203.23,201.85090909090908,22.951487435933995
201.0,204.0,197.2,200.0,1.37,25625.0,202.82999999999998,201.26363636363635,28.347669260337828
203.0,203.0,199.1,200.0,0.0,318523.0,202.13,200.7490909090909,28.347669260337828
203.0,203.0,196.0,197.2,-1.4,21909.0,201.15,199.8527272727273,26.145349378958887
197.2,200.0,197.0,198.0,0.41,14601.0,200.34,199.28,27.869590813410607
200.0,203.0,197.0,197.0,-0.51,24329.0,199.68,198.6727272727273,27.02039732287586
198.0,198.0,191.1,191.1,-2.99,36772.0,198.39,197.11272727272728,22.63766972518408
194.0,195.8,190.3,192.4,0.68,72428.0,197.38,196.02363636363634,25.504861255455477
192.5,195.0,188.6,192.8,0.21,42837.0,196.53,195.1909090909091,26.4086260008962
195.0,195.0,192.0,194.0,0.62,51462.0,195.98,194.7309090909091,29.184266150235047
194.0,196.0,192.0,192.0,-1.03,36180.0,195.45,194.00727272727272,27.333845694678136
192.0,195.0,191.0,192.0,0.0,26516.0,194.65,193.38000000000002,27.333845694678132
192.0,195.0,188.0,190.0,-1.04,50024.0,193.65,192.53454545454545,25.461544338436404
191.0,193.0,188.0,189.0,-0.53,54016.0,192.82999999999998,191.6890909090909,24.555843925849885
190.0,190.0,185.3,185.3,-1.96,46596.0,191.56,190.32,21.507425005008344
185.0,187.6,184.0,184.9,-0.22,37416.0,190.35,189.1090909090909,21.20100356176594
184.2,187.0,182.0,184.0,-0.49,45434.0,189.64000000000001,187.95454545454547,20.493522921988458
186.0,186.0,179.0,183.0,-0.54,119216.0,188.7,186.74727272727273,19.70663515980666
184.9,184.9,180.0,183.0,0.0,41155.0,187.72,185.7109090909091,19.70663515980666
186.6,195.0,185.0,195.0,6.56,22877.0,187.82,187.03454545454545,47.670339397391864
195.0,198.5,188.0,192.2,-1.44,99136.0,187.84,187.8309090909091,43.83423886266371
192.2,195.0,190.0,190.0,-1.14,79978.0,187.64000000000001,188.22363636363636,41.03978980397445
192.0,199.0,190.5,197.5,3.95,106140.0,188.39000000000001,190.01636363636362,52.22213160806305
197.5,201.4,191.1,200.1,1.32,81832.0,189.5,192.14545454545456,55.381399487761335
197.3,205.0,195.0,202.4,1.15,86434.0,191.20999999999998,194.4909090909091,58.02553679851854
202.4,209.6,202.2,209.3,3.41,93593.0,193.65,197.78,64.77051164110335
210.0,214.2,206.8,214.2,2.34,170122.0,196.67000000000002,201.51636363636362,68.62613718839039
213.0,218.4,213.0,215.5,0.61,78841.0,199.92000000000002,204.93999999999997,69.57743457296083
214.0,215.9,209.1,209.1,-2.97,77170.0,202.53,206.6090909090909,59.94143541520933
210.0,210.1,203.9,203.9,-2.49,85135.0,203.42000000000002,206.8581818181818,53.46273940340383
205.9,205.9,199.2,199.7,-2.06,78912.0,204.17000000000002,206.1818181818182,48.86843733505165
198.0,203.8,197.0,200.0,0.15,44479.0,205.17,205.42363636363635,49.204215658519914
203.0,203.0,199.0,200.0,0.0,75364.0,205.42,204.48363636363638,49.20421565851992
202.9,202.9,196.0,197.0,-1.5,29139.0,205.10999999999999,202.95272727272726,45.721981279080616
200.9,200.9,196.0,197.0,0.0,49501.0,204.57,201.4781818181818,45.721981279080616
197.3,199.0,193.5,194.6,-1.22,59363.0,203.1,199.66545454545457,42.90476270122483
195.0,195.9,191.3,192.0,-1.34,48876.0,200.88,197.64727272727274,40.02736870295521
195.8,196.7,191.4,196.0,2.08,67148.0,198.93,196.76,46.02472709950844
197.0,199.5,195.4,197.8,0.92,45260.0,197.8,196.55454545454546,48.5195867562855
200.0,204.9,198.1,200.0,1.11,100570.0,197.41,196.95454545454547,51.4720088483071
202.9,205.0,199.8,203.0,1.5,127986.0,197.73999999999998,197.9709090909091,55.24159986428173
206.0,206.0,200.0,203.0,0.0,49045.0,198.04,198.92727272727274,55.24159986428174
206.0,211.0,203.0,208.5,2.71,120889.0,198.89,200.82909090909092,61.586146540152676
208.0,212.5,204.9,206.5,-0.96,133541.0,199.83999999999997,202.21272727272728,58.34724047508096
205.0,207.0,200.0,204.0,-1.21,76373.0,200.54,202.9690909090909,54.48958433701373
200.0,200.0,194.0,196.9,-3.48,187491.0,200.77,202.30727272727273,45.32445134588436
196.0,196.6,192.5,195.0,-0.96,89858.0,201.07,201.25818181818184,43.22898702422295
195.0,198.9,195.0,195.6,0.31,68955.0,201.03,200.26363636363635,44.10776970209964
197.0,198.0,190.9,192.0,-1.84,64577.0,200.45,198.62181818181818,40.097210442072935
194.0,194.0,190.3,192.8,0.42,68163.0,199.73000000000002,197.2309090909091,41.37294433268529
190.0,193.8,190.0,190.5,-1.19,46047.0,198.48000000000002,195.55272727272725,38.81365094766717
194.3,194.3,189.6,190.0,-0.26,32442.0,197.18,194.0109090909091,38.25957331418217
191.4,191.4,188.4,189.3,-0.37,50191.0,195.26000000000002,192.5781818181818,37.45346964336863
188.5,190.0,185.7,186.0,-1.74,116059.0,193.21,190.89454545454547,33.83430289813827
185.0,188.0,182.6,183.0,-1.61,106283.0,191.11,189.0381818181818,30.910091133262767
182.0,185.0,180.1,182.9,-0.05,27088.0,189.70999999999998,187.54545454545453,30.8144884727226
185.0,185.0,181.1,182.1,-0.44,56528.0,188.42000000000002,186.16181818181818,30.014694206347325
184.0,186.0,181.3,184.8,1.48,54980.0,187.34,185.5036363636364,36.047753442179705
186.9,189.0,185.0,185.0,0.11,40659.0,186.64000000000001,185.07818181818183,36.484531832449946
184.2,186.9,184.2,186.0,0.54,39161.0,185.95999999999998,184.9618181818182,38.73749842773482
188.0,188.0,182.0,182.5,-1.88,78711.0,185.16,184.33272727272725,34.16912279702988
185.9,185.9,182.3,183.6,0.6,21518.0,184.51999999999998,184.04909090909092,36.69592488332224
183.6,184.9,182.0,182.4,-0.65,36138.0,183.82999999999998,183.66363636363636,35.112572856751974
184.1,184.1,181.3,182.9,0.27,33594.0,183.52,183.49454545454546,36.345012119726135
183.0,184.0,180.1,183.9,0.55,25825.0,183.60999999999999,183.56363636363636,38.846735547829645
186.0,186.0,180.0,180.8,-1.69,37276.0,183.4,183.05272727272725,34.34099566894383
180.5,183.9,180.5,180.6,-0.11,26163.0,183.25,182.54363636363635,34.06646451478633
180.0,182.0,177.7,178.0,-1.44,85407.0,182.57,181.5890909090909,30.637520433831575
176.0,180.9,176.0,180.0,1.12,29756.0,182.07,181.12181818181818,35.97599874024132
180.0,180.0,177.1,178.2,-1.0,23730.0,181.29000000000002,180.4181818181818,33.478602861064935
180.0,180.0,177.0,180.0,1.01,33443.0,181.04000000000002,180.18363636363634,38.10571242563852
178.3,181.7,176.4,180.3,0.17,21509.0,180.71,180.04909090909092,38.86892217104512
180.0,180.0,177.0,177.1,-1.77,27737.0,180.18,179.39272727272726,34.0463639137895
177.5,178.0,176.4,176.8,-0.17,20631.0,179.57,178.7781818181818,33.62515721629818
178.0,179.3,174.6,175.5,-0.74,24988.0,178.73000000000002,178.0381818181818,31.789805976591172
178.1,186.1,178.1,186.1,6.04,2200.0,179.26,179.37818181818182,53.89003777032266
187.0,187.0,177.7,179.5,-3.55,26682.0,179.15,179.4218181818182,44.27176418724359
181.5,181.9,178.3,179.5,0.0,19818.0,179.3,179.48545454545456,44.2717641872436
180.0,182.0,179.5,180.1,0.33,25400.0,179.31,179.63090909090906,45.30106936069412
181.9,183.0,179.1,181.8,0.94,87048.0,179.67,180.08363636363637,48.21929694292003
183.0,189.4,181.6,187.0,2.86,61487.0,180.36999999999998,181.41636363636363,55.959186445585246
190.7,193.0,184.0,188.6,0.86,50058.0,181.2,182.9127272727273,58.03758401072707
190.0,190.0,185.2,187.0,-0.85,30995.0,182.19,183.96727272727273,55.23061354525731
185.0,188.0,182.0,182.9,-2.19,45830.0,182.8,184.09636363636363,48.72710540184239
182.1,184.6,180.9,184.0,0.6,30646.0,183.65,184.31454545454545,50.4141219416515
184.0,185.2,181.6,183.5,-0.27,21550.0,183.39000000000001,184.28727272727272,49.61501186607499
186.9,186.9,179.9,182.7,-0.44,25313.0,183.70999999999998,184.16181818181818,48.29593636123397
183.9,183.9,180.1,182.0,-0.38,44208.0,183.95999999999998,183.85090909090908,47.115578172488206
179.0,181.0,179.0,179.3,-1.48,18570.0,183.88000000000002,183.0036363636364,42.773220571417916
180.0,180.0,178.0,178.0,-0.73,51890.0,183.5,181.93454545454546,40.822371964814636
178.0,179.0,175.5,177.9,-0.06,45264.0,182.58999999999997,180.91636363636363,40.66871459552156
175.6,177.9,175.5,177.7,-0.11,16199.0,181.5,180.02727272727273,40.341657500542105
177.3,177.9,174.0,175.0,-1.52,53301.0,180.3,178.84545454545454,36.118726286180035
175.0,176.6,172.3,173.9,-0.63,45514.0,179.4,177.6818181818182,34.532720848980844
176.0,176.0,172.0,174.0,0.06,10839.0,178.4,176.7,34.8129578770807
177.0,177.0,172.0,173.1,-0.52,20232.0,177.35999999999999,175.73636363636365,33.42615466771525
173.0,174.0,171.2,172.0,-0.64,27206.0,176.29000000000002,174.76181818181817,31.760823803651316
172.0,174.0,171.3,173.5,0.87,19962.0,175.44,174.25454545454545,36.41309533432809
174.0,176.0,170.4,172.2,-0.75,38996.0,174.73,173.66545454545457,34.23470997802526
171.2,178.5,171.2,175.1,1.68,33561.0,174.44,173.73272727272726,42.498771856644545
175.5,175.5,170.1,174.0,-0.63,40715.0,174.05,173.65272727272728,40.42379492275576
172.8,173.6,170.1,171.1,-1.67,32429.0,173.39,173.11636363636362,35.50243597229997
170.1,172.8,170.1,171.5,0.23,18575.0,173.04,172.77272727272728,36.648092238663715
172.9,172.9,169.0,171.0,-0.29,48692.0,172.75,172.40181818181816,35.7922480703592
168.8,170.0,165.4,167.6,-1.99,27726.0,172.11,171.46545454545452,30.565121189617695
170.0,170.0,164.3,166.0,-0.95,13511.0,171.4,170.35454545454544,28.45883702409306
169.2,169.2,162.7,165.5,-0.3,80506.0,170.75,169.28181818181818,27.813798214374035
165.0,165.0,162.3,165.0,-0.3,71791.0,169.9,168.23636363636365,27.151062746398534
167.4,167.4,161.0,165.8,0.48,48177.0,169.26,167.4909090909091,30.02404799232191
165.5,168.0,164.0,168.0,1.33,35062.0,168.55,167.26181818181817,37.34221913854898
168.0,171.0,165.0,171.0,1.79,37719.0,168.25,167.7072727272727,45.684100009996016
174.4,174.4,165.4,166.3,-2.75,27750.0,167.77,167.3527272727273,37.30468598699353
164.5,166.0,162.0,163.9,-1.44,33784.0,167.01000000000002,166.64909090909092,33.88665965908946
161.1,163.5,160.0,162.8,-0.67,26753.0,166.19,165.88363636363638,32.420446433509895
165.6,165.6,160.0,160.9,-1.17,18761.0,165.52,164.9218181818182,30.00546224034491
160.0,161.9,158.0,159.5,-0.87,32743.0,164.87,163.8272727272727,28.330850862305645
158.0,163.9,157.8,162.0,1.57,25124.0,164.52,163.30545454545452,35.277359779563746
165.2,165.2,158.9,161.7,-0.19,21767.0,164.19,162.7927272727273,34.84095417559911
158.9,172.0,158.8,171.0,5.75,67855.0,164.70999999999998,164.0309090909091,53.88573294194814
173.0,173.0,167.6,170.8,-0.12,41140.0,164.99,165.13818181818183,53.5234258377963
170.8,173.2,166.0,167.9,-1.7,27434.0,164.68,165.66727272727275,48.43784508361222
165.0,170.3,164.5,169.2,0.77,15426.0,164.97,166.4890909090909,50.69925937768456
172.5,179.3,168.0,174.8,3.31,88345.0,166.06,168.27636363636364,59.034157927657596
175.0,187.4,175.0,182.8,4.58,102409.0,168.06,171.32,67.48990148609144
182.8,185.0,179.2,182.3,-0.27,41163.0,170.2,173.9090909090909,66.56511535787762
178.7,194.0,178.7,190.0,4.22,153672.0,173.25,177.5090909090909,72.75630290023841
193.8,193.8,185.1,187.7,-1.21,85413.0,175.82,180.13636363636363,68.66615818246976
186.0,190.0,184.0,186.0,-0.91,69180.0,178.25,181.9872727272727,65.7250905344536
189.7,190.0,179.0,180.0,-3.23,33520.0,179.15,182.30545454545455,56.523219041077965
178.1,179.0,175.1,175.1,-2.72,45371.0,179.57999999999998,181.5690909090909,50.32638049952791
178.6,178.6,166.6,173.9,-0.69,110628.0,180.18,180.53636363636363,48.912119309732994
175.0,175.0,171.0,172.0,-1.09,28035.0,180.46,179.04909090909092,46.67555959285705
171.2,175.0,171.1,173.6,0.93,29494.0,180.34,177.80181818181816,48.798781466253175
173.0,173.0,171.0,171.0,-1.5,19837.0,179.16,176.10363636363635,45.61998815923738
171.0,173.0,171.0,171.1,0.06,32683.0,178.04,174.63818181818183,45.76631828161986
174.5,174.5,171.0,171.9,0.47,29968.0,176.23,173.5218181818182,46.995128721774094
175.3,175.3,170.1,172.0,0.06,22262.0,174.66,172.7527272727273,47.156305945344336
175.4,176.3,171.2,176.0,2.33,64054.0,173.66,172.9963636363636,53.276534091440006
177.0,179.5,175.0,177.0,0.57,41805.0,173.35999999999999,173.60363636363638,54.68939369480327
173.5,179.0,173.5,178.5,0.85,55468.0,173.7,174.5381818181818,56.799612744965515
178.0,178.0,175.0,176.0,-1.4,57534.0,173.91,174.95636363636365,52.41792966509797
173.3,173.8,171.0,172.0,-2.27,59176.0,173.91,174.6090909090909,46.267864608140286
172.0,173.1,172.0,172.0,0.0,17375.0,173.75,174.26181818181817,46.26786460814029
175.4,175.4,165.3,169.5,-1.45,22245.0,173.6,173.4890909090909,42.64142122637419
169.0,172.0,169.0,170.0,0.29,25047.0,173.49,172.83454545454543,43.593656084250924
170.0,171.8,168.0,169.9,-0.06,42062.0,173.29000000000002,172.1818181818182,43.43833388482878
170.1,170.1,165.4,167.2,-1.59,86791.0,172.81,171.07454545454547,39.36058710592076
167.0,168.9,165.0,165.5,-1.02,27838.0,171.76,169.74545454545455,37.00511129100019
165.5,167.8,165.5,166.0,0.3,13180.0,170.66,168.6981818181818,38.17696439244247
169.0,169.0,165.0,165.0,-0.6,32755.0,169.31,167.6690909090909,36.7062688340726
166.0,170.9,164.2,170.8,3.52,33765.0,168.79000000000002,167.94000000000003,48.98223069536226
174.2,181.0,174.0,174.6,2.22,44498.0,169.05,168.9963636363636,55.12344968195679
175.0,177.0,172.0,176.0,0.8,41539.0,169.45,170.26,57.16904624827907
176.0,179.5,175.0,176.9,0.51,48405.0,170.19,171.61454545454546,58.479326125916856
178.0,185.7,178.0,184.0,4.01,134286.0,171.59,174.12545454545457,67.04447762075671
186.6,187.4,181.0,183.0,-0.54,47877.0,172.9,176.2,65.01034410809653
180.1,184.0,180.1,184.0,0.55,50948.0,174.58,178.21818181818182,66.11742050825481
187.6,188.0,184.0,188.0,2.17,89716.0,176.83,180.65818181818184,70.18155101866468
191.7,197.0,188.0,197.0,4.79,181401.0,179.93,184.32545454545453,76.89642142731533
200.9,212.1,200.0,204.0,3.55,118190.0,183.83,188.7018181818182,80.56272327362002
208.0,210.0,199.0,200.0,-1.96,144210.0,186.75,191.64181818181817,73.39528803906109
200.0,206.1,196.0,205.1,2.55,122463.0,189.8,194.9781818181818,76.29148955302844
209.2,209.2,204.5,208.0,1.41,102963.0,193.0,198.28727272727272,77.77318822555488
212.1,227.0,204.0,223.0,7.21,388304.0,197.60999999999999,203.74181818181816,83.51277995861354
227.0,237.0,218.0,229.9,3.09,313687.0,202.2,209.61272727272728,85.38266361648196
229.0,232.5,218.7,222.4,-3.26,337766.0,206.14000000000001,213.28545454545457,75.3758414624042
223.9,228.5,220.0,227.5,2.29,200115.0,210.49,217.1690909090909,77.32219238421918
228.0,232.0,223.8,225.0,-1.1,228139.0,214.19,219.80727272727273,74.22502542538074
222.0,231.0,222.0,228.6,1.6,259850.0,217.35,222.42727272727274,75.73244338417119
233.1,251.4,233.1,251.4,9.97,460015.0,222.09,228.61818181818182,82.65226897897335
256.4,274.0,253.0,256.0,1.83,591488.0,227.69,234.78363636363636,83.66434540113904
256.0,259.9,242.0,254.0,-0.78,311675.0,232.58,239.56727272727275,81.43968581877597
256.0,265.0,252.0,262.9,3.5,338441.0,238.07,245.08,83.53748548689222
257.7,266.0,255.0,259.0,-1.48,237823.0,241.67,248.88545454545454,79.30737650662334
262.0,262.0,243.0,250.0,-3.47,351053.0,243.67999999999998,250.4,70.44259402390594
247.0,248.0,230.0,231.0,-7.6,252768.0,244.53999999999996,248.09454545454545,56.16864288568518
231.0,236.0,227.1,236.0,2.16,171512.0,245.38999999999996,246.54181818181817,58.549014758527875
239.9,240.0,232.1,233.0,-1.27,118886.0,246.18999999999997,244.2890909090909,56.564122754742826
235.0,244.0,231.3,244.0,4.72,230628.0,247.72999999999996,243.8909090909091,61.69226308278852
248.5,254.0,248.0,250.9,2.83,316957.0,247.67999999999998,244.46727272727273,64.521791587029
255.9,260.0,250.2,253.0,0.84,220536.0,247.37999999999997,245.43454545454546,65.36039268100848
258.0,258.5,248.4,257.0,1.58,167329.0,247.67999999999998,247.18363636363637,66.96227025091734
262.1,282.7,258.1,278.0,8.17,754130.0,249.19,252.69636363636363,73.80986542170062
280.0,295.0,273.0,281.0,1.08,666974.0,251.39000000000001,258.48,74.61918507409679
281.0,286.0,272.0,279.9,-0.39,345405.0,254.38000000000002,263.6636363636364,73.7196425658544
280.0,289.0,277.1,286.2,2.25,284184.0,259.9,269.4490909090909,75.53845385416203
